pokemon_name,value,type,base_stats
Bulbasaur,118,Grass,base_attack
Ivysaur,151,Grass,base_attack
Venusaur,198,Grass,base_attack
Charmander,116,Fire,base_attack
Charmeleon,158,Fire,base_attack
Charizard,223,Fire,base_attack
Squirtle,94,Water,base_attack
Wartortle,126,Water,base_attack
Blastoise,171,Water,base_attack
Caterpie,55,Bug,base_attack
Metapod,45,Bug,base_attack
Butterfree,167,Bug,base_attack
Weedle,63,Bug,base_attack
Kakuna,46,Bug,base_attack
Beedrill,169,Bug,base_attack
Pidgey,85,Normal,base_attack
Pidgeotto,117,Normal,base_attack
Pidgeot,166,Normal,base_attack
Rattata,103,Dark,base_attack
Raticate,135,Dark,base_attack
Spearow,112,Normal,base_attack
Fearow,182,Normal,base_attack
Ekans,110,Poison,base_attack
Arbok,167,Poison,base_attack
Pikachu,112,Electric,base_attack
Raichu,201,Electric,base_attack
Sandshrew,125,Ice,base_attack
Sandslash,177,Ice,base_attack
Nidoranâ™€,86,Poison,base_attack
Nidorina,117,Poison,base_attack
Nidoqueen,180,Poison,base_attack
Nidoranâ™‚,105,Poison,base_attack
Nidorino,137,Poison,base_attack
Nidoking,204,Poison,base_attack
Clefairy,107,Fairy,base_attack
Clefable,178,Fairy,base_attack
Vulpix,96,Ice,base_attack
Ninetales,170,Ice,base_attack
Jigglypuff,80,Normal,base_attack
Wigglytuff,156,Normal,base_attack
Zubat,83,Poison,base_attack
Golbat,161,Poison,base_attack
Oddish,131,Grass,base_attack
Gloom,153,Grass,base_attack
Vileplume,202,Grass,base_attack
Paras,121,Bug,base_attack
Parasect,165,Bug,base_attack
Venonat,100,Bug,base_attack
Venomoth,179,Bug,base_attack
Diglett,108,Ground,base_attack
Dugtrio,201,Ground,base_attack
Meowth,99,Dark,base_attack
Persian,158,Dark,base_attack
Psyduck,122,Water,base_attack
Golduck,191,Water,base_attack
Mankey,148,Fighting,base_attack
Primeape,207,Fighting,base_attack
Growlithe,142,Fire,base_attack
Arcanine,232,Fire,base_attack
Poliwag,101,Water,base_attack
Poliwhirl,130,Water,base_attack
Poliwrath,182,Water,base_attack
Abra,195,Psychic,base_attack
Kadabra,232,Psychic,base_attack
Alakazam,271,Psychic,base_attack
Machop,137,Fighting,base_attack
Machoke,177,Fighting,base_attack
Machamp,234,Fighting,base_attack
Bellsprout,139,Grass,base_attack
Weepinbell,172,Grass,base_attack
Victreebel,207,Grass,base_attack
Tentacool,97,Water,base_attack
Tentacruel,166,Water,base_attack
Geodude,132,Rock,base_attack
Graveler,164,Rock,base_attack
Golem,211,Rock,base_attack
Ponyta,170,Psychic,base_attack
Rapidash,207,Psychic,base_attack
Slowpoke,109,Water,base_attack
Slowbro,177,Water,base_attack
Magnemite,165,Electric,base_attack
Magneton,223,Electric,base_attack
Farfetchâ€™d,174,Fighting,base_attack
Doduo,158,Normal,base_attack
Dodrio,218,Normal,base_attack
Seel,85,Water,base_attack
Dewgong,139,Water,base_attack
Grimer,135,Poison,base_attack
Muk,190,Poison,base_attack
Shellder,116,Water,base_attack
Cloyster,186,Water,base_attack
Gastly,186,Ghost,base_attack
Haunter,223,Ghost,base_attack
Gengar,261,Ghost,base_attack
Onix,85,Rock,base_attack
Drowzee,89,Psychic,base_attack
Hypno,144,Psychic,base_attack
Krabby,181,Water,base_attack
Kingler,240,Water,base_attack
Voltorb,109,Electric,base_attack
Electrode,176,Electric,base_attack
Exeggcute,107,Grass,base_attack
Exeggutor,230,Grass,base_attack
Cubone,90,Ground,base_attack
Marowak,144,Fire,base_attack
Hitmonlee,224,Fighting,base_attack
Hitmonchan,193,Fighting,base_attack
Lickitung,108,Normal,base_attack
Koffing,119,Poison,base_attack
Weezing,174,Poison,base_attack
Rhyhorn,140,Ground,base_attack
Rhydon,222,Ground,base_attack
Chansey,60,Normal,base_attack
Tangela,183,Grass,base_attack
Kangaskhan,181,Normal,base_attack
Horsea,129,Water,base_attack
Seadra,187,Water,base_attack
Goldeen,123,Water,base_attack
Seaking,175,Water,base_attack
Staryu,137,Water,base_attack
Starmie,210,Water,base_attack
Mr. Mime,183,Ice,base_attack
Scyther,218,Bug,base_attack
Jynx,223,Ice,base_attack
Electabuzz,198,Electric,base_attack
Magmar,206,Fire,base_attack
Pinsir,238,Bug,base_attack
Tauros,198,Normal,base_attack
Magikarp,29,Water,base_attack
Gyarados,237,Water,base_attack
Lapras,165,Water,base_attack
Ditto,91,Normal,base_attack
Eevee,104,Normal,base_attack
Vaporeon,205,Water,base_attack
Jolteon,232,Electric,base_attack
Flareon,246,Fire,base_attack
Porygon,153,Normal,base_attack
Omanyte,155,Rock,base_attack
Omastar,207,Rock,base_attack
Kabuto,148,Rock,base_attack
Kabutops,220,Rock,base_attack
Aerodactyl,221,Rock,base_attack
Snorlax,190,Normal,base_attack
Articuno,250,Psychic,base_attack
Zapdos,252,Fighting,base_attack
Moltres,202,Dark,base_attack
Dratini,119,Dragon,base_attack
Dragonair,163,Dragon,base_attack
Dragonite,263,Dragon,base_attack
Mewtwo,182,Psychic,base_attack
Mew,210,Psychic,base_attack
Chikorita,92,Grass,base_attack
Bayleef,122,Grass,base_attack
Meganium,168,Grass,base_attack
Cyndaquil,116,Fire,base_attack
Quilava,158,Fire,base_attack
Typhlosion,238,Fire,base_attack
Totodile,117,Water,base_attack
Croconaw,150,Water,base_attack
Feraligatr,205,Water,base_attack
Sentret,79,Normal,base_attack
Furret,148,Normal,base_attack
Hoothoot,67,Normal,base_attack
Noctowl,145,Normal,base_attack
Ledyba,72,Bug,base_attack
Ledian,107,Bug,base_attack
Spinarak,105,Bug,base_attack
Ariados,161,Bug,base_attack
Crobat,194,Poison,base_attack
Chinchou,106,Water,base_attack
Lanturn,146,Water,base_attack
Pichu,77,Electric,base_attack
Cleffa,75,Fairy,base_attack
Igglybuff,69,Normal,base_attack
Togepi,67,Fairy,base_attack
Togetic,139,Fairy,base_attack
Natu,134,Psychic,base_attack
Xatu,192,Psychic,base_attack
Mareep,114,Electric,base_attack
Flaaffy,145,Electric,base_attack
Ampharos,211,Electric,base_attack
Bellossom,169,Grass,base_attack
Marill,37,Water,base_attack
Azumarill,112,Water,base_attack
Sudowoodo,167,Rock,base_attack
Politoed,174,Water,base_attack
Hoppip,67,Grass,base_attack
Skiploom,91,Grass,base_attack
Jumpluff,118,Grass,base_attack
Aipom,136,Normal,base_attack
Sunkern,55,Grass,base_attack
Sunflora,185,Grass,base_attack
Yanma,154,Bug,base_attack
Wooper,75,Water,base_attack
Quagsire,152,Water,base_attack
Espeon,261,Psychic,base_attack
Umbreon,126,Dark,base_attack
Murkrow,175,Dark,base_attack
Slowking,177,Water,base_attack
Misdreavus,167,Ghost,base_attack
Unown,136,Psychic,base_attack
Wobbuffet,60,Psychic,base_attack
Girafarig,182,Normal,base_attack
Pineco,108,Bug,base_attack
Forretress,161,Bug,base_attack
Dunsparce,131,Normal,base_attack
Gligar,143,Ground,base_attack
Steelix,148,Steel,base_attack
Snubbull,137,Fairy,base_attack
Granbull,212,Fairy,base_attack
Qwilfish,184,Dark,base_attack
Scizor,236,Bug,base_attack
Shuckle,17,Bug,base_attack
Heracross,234,Bug,base_attack
Sneasel,189,Fighting,base_attack
Teddiursa,142,Normal,base_attack
Ursaring,236,Normal,base_attack
Slugma,118,Fire,base_attack
Magcargo,139,Fire,base_attack
Swinub,90,Ice,base_attack
Piloswine,181,Ice,base_attack
Corsola,118,Water,base_attack
Remoraid,127,Water,base_attack
Octillery,197,Water,base_attack
Delibird,128,Ice,base_attack
Mantine,148,Water,base_attack
Skarmory,148,Steel,base_attack
Houndour,152,Dark,base_attack
Houndoom,224,Dark,base_attack
Kingdra,194,Water,base_attack
Phanpy,107,Ground,base_attack
Donphan,214,Ground,base_attack
Porygon2,198,Normal,base_attack
Stantler,192,Normal,base_attack
Smeargle,40,Normal,base_attack
Tyrogue,64,Fighting,base_attack
Hitmontop,173,Fighting,base_attack
Smoochum,153,Ice,base_attack
Elekid,135,Electric,base_attack
Magby,151,Fire,base_attack
Miltank,157,Normal,base_attack
Blissey,129,Normal,base_attack
Raikou,241,Electric,base_attack
Entei,235,Fire,base_attack
Suicune,180,Water,base_attack
Larvitar,115,Rock,base_attack
Pupitar,155,Rock,base_attack
Tyranitar,251,Rock,base_attack
Lugia,193,Psychic,base_attack
Ho-Oh,239,Fire,base_attack
Celebi,210,Psychic,base_attack
Treecko,124,Grass,base_attack
Grovyle,172,Grass,base_attack
Sceptile,223,Grass,base_attack
Torchic,130,Fire,base_attack
Combusken,163,Fire,base_attack
Blaziken,240,Fire,base_attack
Mudkip,126,Water,base_attack
Marshtomp,156,Water,base_attack
Swampert,208,Water,base_attack
Poochyena,96,Dark,base_attack
Mightyena,171,Dark,base_attack
Zigzagoon,58,Dark,base_attack
Linoone,142,Dark,base_attack
Wurmple,75,Bug,base_attack
Silcoon,60,Bug,base_attack
Beautifly,189,Bug,base_attack
Cascoon,60,Bug,base_attack
Dustox,98,Bug,base_attack
Lotad,71,Water,base_attack
Lombre,112,Water,base_attack
Ludicolo,173,Water,base_attack
Seedot,71,Grass,base_attack
Nuzleaf,134,Grass,base_attack
Shiftry,200,Grass,base_attack
Taillow,106,Normal,base_attack
Swellow,185,Normal,base_attack
Wingull,106,Water,base_attack
Pelipper,175,Water,base_attack
Ralts,79,Psychic,base_attack
Kirlia,117,Psychic,base_attack
Gardevoir,237,Psychic,base_attack
Surskit,93,Bug,base_attack
Masquerain,192,Bug,base_attack
Shroomish,74,Grass,base_attack
Breloom,241,Grass,base_attack
Slakoth,104,Normal,base_attack
Vigoroth,159,Normal,base_attack
Slaking,290,Normal,base_attack
Nincada,80,Bug,base_attack
Ninjask,199,Bug,base_attack
Shedinja,153,Bug,base_attack
Whismur,92,Normal,base_attack
Loudred,134,Normal,base_attack
Exploud,179,Normal,base_attack
Makuhita,99,Fighting,base_attack
Hariyama,209,Fighting,base_attack
Azurill,36,Normal,base_attack
Nosepass,82,Rock,base_attack
Skitty,84,Normal,base_attack
Delcatty,132,Normal,base_attack
Sableye,141,Dark,base_attack
Mawile,155,Steel,base_attack
Aron,121,Steel,base_attack
Lairon,158,Steel,base_attack
Aggron,198,Steel,base_attack
Meditite,78,Fighting,base_attack
Medicham,121,Fighting,base_attack
Electrike,123,Electric,base_attack
Manectric,215,Electric,base_attack
Plusle,167,Electric,base_attack
Minun,147,Electric,base_attack
Volbeat,143,Bug,base_attack
Illumise,143,Bug,base_attack
Roselia,186,Grass,base_attack
Gulpin,80,Poison,base_attack
Swalot,140,Poison,base_attack
Carvanha,171,Water,base_attack
Sharpedo,243,Water,base_attack
Wailmer,136,Water,base_attack
Wailord,175,Water,base_attack
Numel,119,Fire,base_attack
Camerupt,194,Fire,base_attack
Torkoal,151,Fire,base_attack
Spoink,125,Psychic,base_attack
Grumpig,171,Psychic,base_attack
Spinda,116,Normal,base_attack
Trapinch,162,Ground,base_attack
Vibrava,134,Ground,base_attack
Flygon,205,Ground,base_attack
Cacnea,156,Grass,base_attack
Cacturne,221,Grass,base_attack
Swablu,76,Normal,base_attack
Altaria,141,Dragon,base_attack
Zangoose,222,Normal,base_attack
Seviper,196,Poison,base_attack
Lunatone,178,Rock,base_attack
Solrock,178,Rock,base_attack
Barboach,93,Water,base_attack
Whiscash,151,Water,base_attack
Corphish,141,Water,base_attack
Crawdaunt,224,Water,base_attack
Baltoy,77,Ground,base_attack
Claydol,140,Ground,base_attack
Lileep,105,Rock,base_attack
Cradily,152,Rock,base_attack
Anorith,176,Rock,base_attack
Armaldo,222,Rock,base_attack
Feebas,29,Water,base_attack
Milotic,192,Water,base_attack
Castform,139,Normal,base_attack
Kecleon,161,Normal,base_attack
Shuppet,138,Ghost,base_attack
Banette,218,Ghost,base_attack
Duskull,70,Ghost,base_attack
Dusclops,124,Ghost,base_attack
Tropius,136,Grass,base_attack
Chimecho,175,Psychic,base_attack
Absol,246,Dark,base_attack
Wynaut,41,Psychic,base_attack
Snorunt,95,Ice,base_attack
Glalie,162,Ice,base_attack
Spheal,95,Ice,base_attack
Sealeo,137,Ice,base_attack
Walrein,182,Ice,base_attack
Clamperl,133,Water,base_attack
Huntail,197,Water,base_attack
Gorebyss,211,Water,base_attack
Relicanth,162,Water,base_attack
Luvdisc,81,Water,base_attack
Bagon,134,Dragon,base_attack
Shelgon,172,Dragon,base_attack
Salamence,277,Dragon,base_attack
Beldum,96,Steel,base_attack
Metang,138,Steel,base_attack
Metagross,257,Steel,base_attack
Regirock,179,Rock,base_attack
Regice,179,Ice,base_attack
Registeel,143,Steel,base_attack
Latias,228,Dragon,base_attack
Latios,268,Dragon,base_attack
Kyogre,270,Water,base_attack
Groudon,270,Ground,base_attack
Rayquaza,284,Dragon,base_attack
Jirachi,210,Steel,base_attack
Deoxys,345,Psychic,base_attack
Turtwig,119,Grass,base_attack
Grotle,157,Grass,base_attack
Torterra,202,Grass,base_attack
Chimchar,113,Fire,base_attack
Monferno,158,Fire,base_attack
Infernape,222,Fire,base_attack
Piplup,112,Water,base_attack
Prinplup,150,Water,base_attack
Empoleon,210,Water,base_attack
Starly,101,Normal,base_attack
Staravia,142,Normal,base_attack
Staraptor,234,Normal,base_attack
Bidoof,80,Normal,base_attack
Bibarel,162,Normal,base_attack
Kricketot,45,Bug,base_attack
Kricketune,160,Bug,base_attack
Shinx,117,Electric,base_attack
Luxio,159,Electric,base_attack
Luxray,232,Electric,base_attack
Budew,91,Grass,base_attack
Roserade,243,Grass,base_attack
Cranidos,218,Rock,base_attack
Rampardos,295,Rock,base_attack
Shieldon,76,Rock,base_attack
Bastiodon,94,Rock,base_attack
Burmy,53,Bug,base_attack
Wormadam,141,Bug,base_attack
Mothim,185,Bug,base_attack
Combee,59,Bug,base_attack
Vespiquen,149,Bug,base_attack
Pachirisu,94,Electric,base_attack
Buizel,132,Water,base_attack
Floatzel,221,Water,base_attack
Cherubi,108,Grass,base_attack
Cherrim,170,Grass,base_attack
Shellos,103,Water,base_attack
Gastrodon,169,Water,base_attack
Ambipom,205,Normal,base_attack
Drifloon,117,Ghost,base_attack
Drifblim,180,Ghost,base_attack
Buneary,130,Normal,base_attack
Lopunny,156,Normal,base_attack
Mismagius,211,Ghost,base_attack
Honchkrow,243,Dark,base_attack
Glameow,109,Normal,base_attack
Purugly,172,Normal,base_attack
Chingling,114,Psychic,base_attack
Stunky,121,Poison,base_attack
Skuntank,184,Poison,base_attack
Bronzor,43,Steel,base_attack
Bronzong,161,Steel,base_attack
Bonsly,124,Rock,base_attack
Mime Jr.,125,Psychic,base_attack
Happiny,25,Normal,base_attack
Chatot,183,Normal,base_attack
Spiritomb,169,Ghost,base_attack
Gible,124,Dragon,base_attack
Gabite,172,Dragon,base_attack
Garchomp,261,Dragon,base_attack
Munchlax,137,Normal,base_attack
Riolu,127,Fighting,base_attack
Lucario,236,Fighting,base_attack
Hippopotas,124,Ground,base_attack
Hippowdon,201,Ground,base_attack
Skorupi,93,Poison,base_attack
Drapion,180,Poison,base_attack
Croagunk,116,Poison,base_attack
Toxicroak,211,Poison,base_attack
Carnivine,187,Grass,base_attack
Finneon,96,Water,base_attack
Lumineon,142,Water,base_attack
Mantyke,105,Water,base_attack
Snover,115,Grass,base_attack
Abomasnow,178,Grass,base_attack
Weavile,243,Dark,base_attack
Magnezone,238,Electric,base_attack
Lickilicky,161,Normal,base_attack
Rhyperior,241,Ground,base_attack
Tangrowth,207,Grass,base_attack
Electivire,249,Electric,base_attack
Magmortar,247,Fire,base_attack
Togekiss,225,Fairy,base_attack
Yanmega,231,Bug,base_attack
Leafeon,216,Grass,base_attack
Glaceon,238,Ice,base_attack
Gliscor,185,Ground,base_attack
Mamoswine,247,Ice,base_attack
Porygon-Z,264,Normal,base_attack
Gallade,237,Psychic,base_attack
Probopass,135,Rock,base_attack
Dusknoir,180,Ghost,base_attack
Froslass,171,Ice,base_attack
Rotom,204,Electric,base_attack
Uxie,156,Psychic,base_attack
Mesprit,212,Psychic,base_attack
Azelf,270,Psychic,base_attack
Dialga,275,Steel,base_attack
Palkia,280,Water,base_attack
Heatran,251,Fire,base_attack
Regigigas,287,Normal,base_attack
Giratina,187,Ghost,base_attack
Cresselia,152,Psychic,base_attack
Phione,162,Water,base_attack
Manaphy,210,Water,base_attack
Darkrai,285,Dark,base_attack
Shaymin,210,Grass,base_attack
Arceus,238,Bug,base_attack
Victini,210,Psychic,base_attack
Snivy,88,Grass,base_attack
Servine,122,Grass,base_attack
Serperior,161,Grass,base_attack
Tepig,115,Fire,base_attack
Pignite,173,Fire,base_attack
Emboar,235,Fire,base_attack
Oshawott,117,Water,base_attack
Dewott,159,Water,base_attack
Samurott,218,Water,base_attack
Patrat,98,Normal,base_attack
Watchog,165,Normal,base_attack
Lillipup,107,Normal,base_attack
Herdier,145,Normal,base_attack
Stoutland,206,Normal,base_attack
Purrloin,98,Dark,base_attack
Liepard,187,Dark,base_attack
Pansage,104,Grass,base_attack
Simisage,206,Grass,base_attack
Pansear,104,Fire,base_attack
Simisear,206,Fire,base_attack
Panpour,104,Water,base_attack
Simipour,206,Water,base_attack
Munna,111,Psychic,base_attack
Musharna,183,Psychic,base_attack
Pidove,98,Normal,base_attack
Tranquill,144,Normal,base_attack
Unfezant,226,Normal,base_attack
Blitzle,118,Electric,base_attack
Zebstrika,211,Electric,base_attack
Roggenrola,121,Rock,base_attack
Boldore,174,Rock,base_attack
Gigalith,226,Rock,base_attack
Woobat,107,Psychic,base_attack
Swoobat,161,Psychic,base_attack
Drilbur,154,Ground,base_attack
Excadrill,255,Ground,base_attack
Audino,114,Normal,base_attack
Timburr,134,Fighting,base_attack
Gurdurr,180,Fighting,base_attack
Conkeldurr,243,Fighting,base_attack
Tympole,98,Water,base_attack
Palpitoad,128,Water,base_attack
Seismitoad,188,Water,base_attack
Throh,172,Fighting,base_attack
Sawk,231,Fighting,base_attack
Sewaddle,96,Bug,base_attack
Swadloon,115,Bug,base_attack
Leavanny,205,Bug,base_attack
Venipede,83,Bug,base_attack
Whirlipede,100,Bug,base_attack
Scolipede,203,Bug,base_attack
Cottonee,71,Grass,base_attack
Whimsicott,164,Grass,base_attack
Petilil,119,Grass,base_attack
Lilligant,214,Grass,base_attack
Basculin,189,Water,base_attack
Sandile,132,Ground,base_attack
Krokorok,155,Ground,base_attack
Krookodile,229,Ground,base_attack
Darumaka,153,Ice,base_attack
Darmanitan,263,Ice,base_attack
Maractus,201,Grass,base_attack
Dwebble,118,Bug,base_attack
Crustle,188,Bug,base_attack
Scraggy,132,Dark,base_attack
Scrafty,163,Dark,base_attack
Sigilyph,204,Psychic,base_attack
Yamask,95,Ground,base_attack
Cofagrigus,163,Ghost,base_attack
Tirtouga,134,Water,base_attack
Carracosta,192,Water,base_attack
Archen,213,Rock,base_attack
Archeops,292,Rock,base_attack
Trubbish,96,Poison,base_attack
Garbodor,181,Poison,base_attack
Zorua,153,Dark,base_attack
Zoroark,250,Dark,base_attack
Minccino,98,Normal,base_attack
Cinccino,198,Normal,base_attack
Gothita,98,Psychic,base_attack
Gothorita,137,Psychic,base_attack
Gothitelle,176,Psychic,base_attack
Solosis,170,Psychic,base_attack
Duosion,208,Psychic,base_attack
Reuniclus,214,Psychic,base_attack
Ducklett,84,Water,base_attack
Swanna,182,Water,base_attack
Vanillite,118,Ice,base_attack
Vanillish,151,Ice,base_attack
Vanilluxe,218,Ice,base_attack
Deerling,115,Normal,base_attack
Sawsbuck,198,Normal,base_attack
Emolga,158,Electric,base_attack
Karrablast,137,Bug,base_attack
Escavalier,223,Bug,base_attack
Foongus,97,Grass,base_attack
Amoonguss,155,Grass,base_attack
Frillish,115,Water,base_attack
Jellicent,159,Water,base_attack
Alomomola,138,Water,base_attack
Joltik,110,Bug,base_attack
Galvantula,201,Bug,base_attack
Ferroseed,82,Grass,base_attack
Ferrothorn,158,Grass,base_attack
Klink,98,Steel,base_attack
Klang,150,Steel,base_attack
Klinklang,199,Steel,base_attack
Tynamo,105,Electric,base_attack
Eelektrik,156,Electric,base_attack
Eelektross,217,Electric,base_attack
Elgyem,148,Psychic,base_attack
Beheeyem,221,Psychic,base_attack
Litwick,108,Ghost,base_attack
Lampent,169,Ghost,base_attack
Chandelure,271,Ghost,base_attack
Axew,154,Dragon,base_attack
Fraxure,212,Dragon,base_attack
Haxorus,284,Dragon,base_attack
Cubchoo,128,Ice,base_attack
Beartic,233,Ice,base_attack
Cryogonal,190,Ice,base_attack
Shelmet,72,Bug,base_attack
Accelgor,220,Bug,base_attack
Stunfisk,144,Ground,base_attack
Mienfoo,160,Fighting,base_attack
Mienshao,258,Fighting,base_attack
Druddigon,213,Dragon,base_attack
Golett,127,Ground,base_attack
Golurk,222,Ground,base_attack
Pawniard,154,Dark,base_attack
Bisharp,232,Dark,base_attack
Bouffalant,195,Normal,base_attack
Rufflet,150,Normal,base_attack
Braviary,213,Psychic,base_attack
Vullaby,105,Dark,base_attack
Mandibuzz,129,Dark,base_attack
Heatmor,204,Fire,base_attack
Durant,217,Bug,base_attack
Deino,116,Dark,base_attack
Zweilous,159,Dark,base_attack
Hydreigon,256,Dark,base_attack
Larvesta,156,Bug,base_attack
Volcarona,264,Bug,base_attack
Cobalion,192,Steel,base_attack
Terrakion,260,Rock,base_attack
Virizion,192,Grass,base_attack
Tornadus,266,Flying,base_attack
Thundurus,266,Electric,base_attack
Reshiram,275,Dragon,base_attack
Zekrom,275,Dragon,base_attack
Landorus,261,Ground,base_attack
Kyurem,310,Dragon,base_attack
Keldeo,260,Water,base_attack
Meloetta,250,Normal,base_attack
Genesect,252,Bug,base_attack
Chespin,110,Grass,base_attack
Quilladin,146,Grass,base_attack
Chesnaught,201,Grass,base_attack
Fennekin,116,Fire,base_attack
Braixen,171,Fire,base_attack
Delphox,230,Fire,base_attack
Froakie,122,Water,base_attack
Frogadier,168,Water,base_attack
Greninja,223,Water,base_attack
Bunnelby,68,Normal,base_attack
Diggersby,112,Normal,base_attack
Fletchling,95,Normal,base_attack
Fletchinder,145,Fire,base_attack
Talonflame,176,Fire,base_attack
Scatterbug,63,Bug,base_attack
Spewpa,48,Bug,base_attack
Vivillon,176,Bug,base_attack
Litleo,139,Fire,base_attack
Pyroar,221,Fire,base_attack
Flabebe,108,Fairy,base_attack
Floette,136,Fairy,base_attack
Florges,212,Fairy,base_attack
Skiddo,123,Grass,base_attack
Gogoat,196,Grass,base_attack
Pancham,145,Fighting,base_attack
Pangoro,226,Fighting,base_attack
Furfrou,164,Normal,base_attack
Espurr,120,Psychic,base_attack
Meowstic,166,Psychic,base_attack
Honedge,135,Steel,base_attack
Doublade,188,Steel,base_attack
Aegislash,272,Steel,base_attack
Spritzee,110,Fairy,base_attack
Aromatisse,173,Fairy,base_attack
Swirlix,109,Fairy,base_attack
Slurpuff,168,Fairy,base_attack
Inkay,98,Dark,base_attack
Malamar,177,Dark,base_attack
Binacle,96,Rock,base_attack
Barbaracle,194,Rock,base_attack
Skrelp,109,Poison,base_attack
Dragalge,177,Poison,base_attack
Clauncher,108,Water,base_attack
Clawitzer,221,Water,base_attack
Helioptile,115,Electric,base_attack
Heliolisk,219,Electric,base_attack
Tyrunt,158,Rock,base_attack
Tyrantrum,227,Rock,base_attack
Amaura,124,Rock,base_attack
Aurorus,186,Rock,base_attack
Sylveon,203,Fairy,base_attack
Hawlucha,195,Fighting,base_attack
Dedenne,164,Electric,base_attack
Carbink,95,Rock,base_attack
Goomy,101,Dragon,base_attack
Sliggoo,159,Dragon,base_attack
Goodra,220,Dragon,base_attack
Klefki,160,Steel,base_attack
Phantump,125,Ghost,base_attack
Trevenant,201,Ghost,base_attack
Pumpkaboo,121,Ghost,base_attack
Gourgeist,175,Ghost,base_attack
Bergmite,117,Ice,base_attack
Avalugg,214,Ice,base_attack
Noibat,83,Flying,base_attack
Noivern,205,Flying,base_attack
Xerneas,250,Fairy,base_attack
Yveltal,250,Dark,base_attack
Zygarde,184,Dragon,base_attack
Diancie,190,Rock,base_attack
Hoopa,261,Psychic,base_attack
Volcanion,252,Fire,base_attack
Rowlet,102,Grass,base_attack
Dartrix,142,Grass,base_attack
Decidueye,213,Grass,base_attack
Litten,128,Fire,base_attack
Torracat,174,Fire,base_attack
Incineroar,214,Fire,base_attack
Popplio,120,Water,base_attack
Brionne,168,Water,base_attack
Primarina,232,Water,base_attack
Pikipek,136,Normal,base_attack
Trumbeak,159,Normal,base_attack
Toucannon,222,Normal,base_attack
Yungoos,122,Normal,base_attack
Gumshoos,194,Normal,base_attack
Grubbin,115,Bug,base_attack
Charjabug,145,Bug,base_attack
Vikavolt,254,Bug,base_attack
Crabrawler,150,Fighting,base_attack
Crabominable,231,Fighting,base_attack
Oricorio,196,Fire,base_attack
Cutiefly,110,Bug,base_attack
Ribombee,198,Bug,base_attack
Rockruff,117,Rock,base_attack
Lycanroc,234,Rock,base_attack
Wishiwashi,255,Water,base_attack
Mareanie,98,Poison,base_attack
Toxapex,114,Poison,base_attack
Mudbray,175,Ground,base_attack
Mudsdale,214,Ground,base_attack
Dewpider,72,Water,base_attack
Araquanid,126,Water,base_attack
Fomantis,100,Grass,base_attack
Lurantis,192,Grass,base_attack
Morelull,108,Grass,base_attack
Shiinotic,154,Grass,base_attack
Salandit,136,Poison,base_attack
Salazzle,228,Poison,base_attack
Stufful,136,Normal,base_attack
Bewear,226,Normal,base_attack
Bounsweet,55,Grass,base_attack
Steenee,78,Grass,base_attack
Tsareena,222,Grass,base_attack
Comfey,165,Fairy,base_attack
Oranguru,168,Normal,base_attack
Passimian,222,Fighting,base_attack
Wimpod,67,Bug,base_attack
Golisopod,218,Bug,base_attack
Sandygast,120,Ghost,base_attack
Palossand,178,Ghost,base_attack
Pyukumuku,97,Water,base_attack
Type: Null,184,Normal,base_attack
Silvally,198,Bug,base_attack
Minior,218,Rock,base_attack
Komala,216,Normal,base_attack
Turtonator,165,Fire,base_attack
Togedemaru,190,Electric,base_attack
Mimikyu,177,Ghost,base_attack
Bruxish,208,Water,base_attack
Drampa,231,Normal,base_attack
Dhelmise,233,Ghost,base_attack
Jangmo-o,102,Dragon,base_attack
Hakamo-o,145,Dragon,base_attack
Kommo-o,222,Dragon,base_attack
Tapu Koko,250,Electric,base_attack
Tapu Lele,259,Psychic,base_attack
Tapu Bulu,249,Grass,base_attack
Tapu Fini,189,Water,base_attack
Cosmog,54,Psychic,base_attack
Cosmoem,54,Psychic,base_attack
Solgaleo,255,Psychic,base_attack
Lunala,255,Psychic,base_attack
Nihilego,249,Rock,base_attack
Buzzwole,236,Bug,base_attack
Pheromosa,316,Bug,base_attack
Xurkitree,330,Electric,base_attack
Celesteela,207,Steel,base_attack
Kartana,323,Grass,base_attack
Guzzlord,188,Dark,base_attack
Necrozma,277,Psychic,base_attack
Magearna,246,Steel,base_attack
Marshadow,265,Fighting,base_attack
Poipole,145,Poison,base_attack
Naganadel,263,Poison,base_attack
Stakataka,213,Rock,base_attack
Blacephalon,315,Fire,base_attack
Zeraora,252,Electric,base_attack
Meltan,118,Steel,base_attack
Melmetal,226,Steel,base_attack
Grookey,122,Grass,base_attack
Thwackey,165,Grass,base_attack
Rillaboom,239,Grass,base_attack
Scorbunny,132,Fire,base_attack
Raboot,170,Fire,base_attack
Cinderace,238,Fire,base_attack
Sobble,132,Water,base_attack
Drizzile,186,Water,base_attack
Inteleon,262,Water,base_attack
Skwovet,95,Normal,base_attack
Greedent,160,Normal,base_attack
Rookidee,88,Flying,base_attack
Corvisquire,129,Flying,base_attack
Corviknight,163,Flying,base_attack
Blipbug,46,Bug,base_attack
Dottler,87,Bug,base_attack
Orbeetle,156,Bug,base_attack
Nickit,85,Dark,base_attack
Thievul,172,Dark,base_attack
Gossifleur,70,Grass,base_attack
Eldegoss,148,Grass,base_attack
Wooloo,76,Normal,base_attack
Dubwool,159,Normal,base_attack
Chewtle,114,Water,base_attack
Drednaw,213,Water,base_attack
Yamper,80,Electric,base_attack
Boltund,197,Electric,base_attack
Rolycoly,73,Rock,base_attack
Carkol,114,Rock,base_attack
Coalossal,146,Rock,base_attack
Applin,71,Grass,base_attack
Flapple,214,Grass,base_attack
Appletun,178,Grass,base_attack
Silicobra,103,Ground,base_attack
Sandaconda,202,Ground,base_attack
Cramorant,173,Flying,base_attack
Arrokuda,118,Water,base_attack
Barraskewda,258,Water,base_attack
Toxel,97,Electric,base_attack
Toxtricity,224,Electric,base_attack
Sizzlipede,118,Fire,base_attack
Centiskorch,220,Fire,base_attack
Clobbopus,121,Fighting,base_attack
Grapploct,209,Fighting,base_attack
Sinistea,134,Ghost,base_attack
Polteageist,248,Ghost,base_attack
Hatenna,98,Psychic,base_attack
Hattrem,153,Psychic,base_attack
Hatterene,237,Psychic,base_attack
Impidimp,103,Dark,base_attack
Morgrem,145,Dark,base_attack
Grimmsnarl,227,Dark,base_attack
Obstagoon,180,Dark,base_attack
Perrserker,195,Steel,base_attack
Cursola,253,Ghost,base_attack
Sirfetchâ€™d,248,Fighting,base_attack
Mr. Rime,212,Ice,base_attack
Runerigus,163,Ground,base_attack
Milcery,90,Fairy,base_attack
Alcremie,203,Fairy,base_attack
Falinks,193,Fighting,base_attack
Pincurchin,176,Electric,base_attack
Snom,76,Ice,base_attack
Frosmoth,230,Ice,base_attack
Stonjourner,222,Rock,base_attack
Eiscue,148,Ice,base_attack
Indeedee,184,Psychic,base_attack
Morpeko,192,Electric,base_attack
Cufant,140,Steel,base_attack
Copperajah,226,Steel,base_attack
Dracozolt,195,Electric,base_attack
Arctozolt,190,Electric,base_attack
Dracovish,175,Water,base_attack
Arctovish,171,Water,base_attack
Duraludon,239,Steel,base_attack
Dreepy,117,Dragon,base_attack
Drakloak,163,Dragon,base_attack
Dragapult,266,Dragon,base_attack
Zacian,332,Fairy,base_attack
Zamazenta,250,Fighting,base_attack
Eternatus,251,Poison,base_attack
Kubfu,170,Fighting,base_attack
Urshifu,254,Fighting,base_attack
Zarude,242,Dark,base_attack
Regieleki,250,Electric,base_attack
Regidrago,202,Dragon,base_attack
Glastrier,246,Ice,base_attack
Spectrier,273,Ghost,base_attack
Calyrex,268,Psychic,base_attack
Wyrdeer,206,Normal,base_attack
Kleavor,253,Bug,base_attack
Ursaluna,243,Ground,base_attack
Sneasler,259,Fighting,base_attack
Overqwil,222,Dark,base_attack
Enamorus,281,Fairy,base_attack
Sprigatito,116,Grass,base_attack
Floragato,157,Grass,base_attack
Meowscarada,233,Grass,base_attack
Fuecoco,112,Fire,base_attack
Crocalor,162,Fire,base_attack
Skeledirge,207,Fire,base_attack
Quaxly,120,Water,base_attack
Quaxwell,162,Water,base_attack
Quaquaval,236,Water,base_attack
Lechonk,81,Normal,base_attack
Oinkologne,169,Normal,base_attack
Tarountula,70,Bug,base_attack
Spidops,139,Bug,base_attack
Nymble,81,Bug,base_attack
Lokix,199,Bug,base_attack
Pawmi,95,Electric,base_attack
Pawmo,147,Electric,base_attack
Pawmot,232,Electric,base_attack
Tandemaus,98,Normal,base_attack
Maushold,159,Normal,base_attack
Fidough,102,Fairy,base_attack
Dachsbun,159,Fairy,base_attack
Smoliv,100,Grass,base_attack
Dolliv,137,Grass,base_attack
Arboliva,219,Grass,base_attack
Squawkabilly,185,Normal,base_attack
Nacli,95,Rock,base_attack
Naclstack,105,Rock,base_attack
Garganacl,171,Rock,base_attack
Charcadet,92,Fire,base_attack
Armarouge,234,Fire,base_attack
Ceruledge,239,Fire,base_attack
Tadbulb,104,Electric,base_attack
Bellibolt,184,Electric,base_attack
Wattrel,105,Electric,base_attack
Kilowattrel,221,Electric,base_attack
Maschiff,140,Dark,base_attack
Mabosstiff,230,Dark,base_attack
Shroodle,124,Poison,base_attack
Grafaiai,199,Poison,base_attack
Bramblin,121,Grass,base_attack
Brambleghast,228,Grass,base_attack
Toedscool,97,Ground,base_attack
Toedscruel,166,Ground,base_attack
Klawf,184,Rock,base_attack
Capsakid,118,Grass,base_attack
Scovillain,216,Grass,base_attack
Rellor,86,Bug,base_attack
Rabsca,201,Bug,base_attack
Flittle,105,Psychic,base_attack
Espathra,204,Psychic,base_attack
Tinkatink,85,Fairy,base_attack
Tinkatuff,109,Fairy,base_attack
Tinkaton,155,Fairy,base_attack
Wiglett,109,Water,base_attack
Wugtrio,205,Water,base_attack
Bombirdier,198,Flying,base_attack
Finizen,90,Water,base_attack
Palafin,322,Water,base_attack
Varoom,123,Steel,base_attack
Revavroom,229,Steel,base_attack
Cyclizar,205,Dragon,base_attack
Orthworm,161,Steel,base_attack
Glimmet,187,Rock,base_attack
Glimmora,246,Rock,base_attack
Greavard,105,Ghost,base_attack
Houndstone,186,Ghost,base_attack
Flamigo,227,Flying,base_attack
Cetoddle,119,Ice,base_attack
Cetitan,208,Ice,base_attack
Veluza,196,Water,base_attack
Dondozo,176,Water,base_attack
Tatsugiri,226,Dragon,base_attack
Annihilape,220,Fighting,base_attack
Clodsire,127,Poison,base_attack
Farigiraf,209,Normal,base_attack
Dudunsparce,188,Normal,base_attack
Kingambit,238,Dark,base_attack
Great Tusk,249,Ground,base_attack
Scream Tail,139,Fairy,base_attack
Brute Bonnet,232,Grass,base_attack
Flutter Mane,280,Ghost,base_attack
Slither Wing,261,Bug,base_attack
Sandy Shocks,244,Electric,base_attack
Iron Treads,227,Ground,base_attack
Iron Bundle,266,Ice,base_attack
Iron Hands,245,Fighting,base_attack
Iron Jugulis,249,Dark,base_attack
Iron Moth,281,Fire,base_attack
Iron Thorns,250,Rock,base_attack
Frigibax,134,Dragon,base_attack
Arctibax,173,Dragon,base_attack
Baxcalibur,254,Dragon,base_attack
Gimmighoul,140,Ghost,base_attack
Gholdengo,252,Steel,base_attack
Wo-Chien,186,Dark,base_attack
Chien-Pao,261,Dark,base_attack
Ting-Lu,194,Dark,base_attack
Chi-Yu,269,Dark,base_attack
Roaring Moon,280,Dragon,base_attack
Iron Valiant,279,Fairy,base_attack
Koraidon,263,Fighting,base_attack
Miraidon,263,Electric,base_attack
Bulbasaur,111,Grass,base_defense
Ivysaur,143,Grass,base_defense
Venusaur,189,Grass,base_defense
Charmander,93,Fire,base_defense
Charmeleon,126,Fire,base_defense
Charizard,173,Fire,base_defense
Squirtle,121,Water,base_defense
Wartortle,155,Water,base_defense
Blastoise,207,Water,base_defense
Caterpie,55,Bug,base_defense
Metapod,80,Bug,base_defense
Butterfree,137,Bug,base_defense
Weedle,50,Bug,base_defense
Kakuna,75,Bug,base_defense
Beedrill,130,Bug,base_defense
Pidgey,73,Normal,base_defense
Pidgeotto,105,Normal,base_defense
Pidgeot,154,Normal,base_defense
Rattata,70,Dark,base_defense
Raticate,154,Dark,base_defense
Spearow,60,Normal,base_defense
Fearow,133,Normal,base_defense
Ekans,97,Poison,base_defense
Arbok,153,Poison,base_defense
Pikachu,96,Electric,base_defense
Raichu,154,Electric,base_defense
Sandshrew,129,Ice,base_defense
Sandslash,195,Ice,base_defense
Nidoranâ™€,89,Poison,base_defense
Nidorina,120,Poison,base_defense
Nidoqueen,173,Poison,base_defense
Nidoranâ™‚,76,Poison,base_defense
Nidorino,111,Poison,base_defense
Nidoking,156,Poison,base_defense
Clefairy,108,Fairy,base_defense
Clefable,162,Fairy,base_defense
Vulpix,109,Ice,base_defense
Ninetales,193,Ice,base_defense
Jigglypuff,41,Normal,base_defense
Wigglytuff,90,Normal,base_defense
Zubat,73,Poison,base_defense
Golbat,150,Poison,base_defense
Oddish,112,Grass,base_defense
Gloom,136,Grass,base_defense
Vileplume,167,Grass,base_defense
Paras,99,Bug,base_defense
Parasect,146,Bug,base_defense
Venonat,100,Bug,base_defense
Venomoth,143,Bug,base_defense
Diglett,81,Ground,base_defense
Dugtrio,142,Ground,base_defense
Meowth,78,Dark,base_defense
Persian,136,Dark,base_defense
Psyduck,95,Water,base_defense
Golduck,162,Water,base_defense
Mankey,82,Fighting,base_defense
Primeape,138,Fighting,base_defense
Growlithe,92,Fire,base_defense
Arcanine,165,Fire,base_defense
Poliwag,82,Water,base_defense
Poliwhirl,123,Water,base_defense
Poliwrath,184,Water,base_defense
Abra,82,Psychic,base_defense
Kadabra,117,Psychic,base_defense
Alakazam,167,Psychic,base_defense
Machop,82,Fighting,base_defense
Machoke,125,Fighting,base_defense
Machamp,159,Fighting,base_defense
Bellsprout,61,Grass,base_defense
Weepinbell,92,Grass,base_defense
Victreebel,135,Grass,base_defense
Tentacool,149,Water,base_defense
Tentacruel,209,Water,base_defense
Geodude,132,Rock,base_defense
Graveler,164,Rock,base_defense
Golem,198,Rock,base_defense
Ponyta,127,Psychic,base_defense
Rapidash,162,Psychic,base_defense
Slowpoke,98,Water,base_defense
Slowbro,180,Water,base_defense
Magnemite,121,Electric,base_defense
Magneton,169,Electric,base_defense
Farfetchâ€™d,114,Fighting,base_defense
Doduo,83,Normal,base_defense
Dodrio,140,Normal,base_defense
Seel,121,Water,base_defense
Dewgong,177,Water,base_defense
Grimer,90,Poison,base_defense
Muk,172,Poison,base_defense
Shellder,134,Water,base_defense
Cloyster,256,Water,base_defense
Gastly,67,Ghost,base_defense
Haunter,107,Ghost,base_defense
Gengar,149,Ghost,base_defense
Onix,232,Rock,base_defense
Drowzee,136,Psychic,base_defense
Hypno,193,Psychic,base_defense
Krabby,124,Water,base_defense
Kingler,181,Water,base_defense
Voltorb,111,Electric,base_defense
Electrode,176,Electric,base_defense
Exeggcute,125,Grass,base_defense
Exeggutor,153,Grass,base_defense
Cubone,144,Ground,base_defense
Marowak,186,Fire,base_defense
Hitmonlee,181,Fighting,base_defense
Hitmonchan,197,Fighting,base_defense
Lickitung,137,Normal,base_defense
Koffing,141,Poison,base_defense
Weezing,197,Poison,base_defense
Rhyhorn,127,Ground,base_defense
Rhydon,171,Ground,base_defense
Chansey,128,Normal,base_defense
Tangela,169,Grass,base_defense
Kangaskhan,165,Normal,base_defense
Horsea,103,Water,base_defense
Seadra,156,Water,base_defense
Goldeen,110,Water,base_defense
Seaking,147,Water,base_defense
Staryu,112,Water,base_defense
Starmie,184,Water,base_defense
Mr. Mime,169,Ice,base_defense
Scyther,170,Bug,base_defense
Jynx,151,Ice,base_defense
Electabuzz,158,Electric,base_defense
Magmar,154,Fire,base_defense
Pinsir,182,Bug,base_defense
Tauros,183,Normal,base_defense
Magikarp,85,Water,base_defense
Gyarados,186,Water,base_defense
Lapras,174,Water,base_defense
Ditto,91,Normal,base_defense
Eevee,114,Normal,base_defense
Vaporeon,161,Water,base_defense
Jolteon,182,Electric,base_defense
Flareon,179,Fire,base_defense
Porygon,136,Normal,base_defense
Omanyte,153,Rock,base_defense
Omastar,201,Rock,base_defense
Kabuto,140,Rock,base_defense
Kabutops,186,Rock,base_defense
Aerodactyl,159,Rock,base_defense
Snorlax,169,Normal,base_defense
Articuno,197,Psychic,base_defense
Zapdos,189,Fighting,base_defense
Moltres,231,Dark,base_defense
Dratini,91,Dragon,base_defense
Dragonair,135,Dragon,base_defense
Dragonite,198,Dragon,base_defense
Mewtwo,278,Psychic,base_defense
Mew,210,Psychic,base_defense
Chikorita,122,Grass,base_defense
Bayleef,155,Grass,base_defense
Meganium,202,Grass,base_defense
Cyndaquil,93,Fire,base_defense
Quilava,126,Fire,base_defense
Typhlosion,172,Fire,base_defense
Totodile,109,Water,base_defense
Croconaw,142,Water,base_defense
Feraligatr,188,Water,base_defense
Sentret,73,Normal,base_defense
Furret,125,Normal,base_defense
Hoothoot,88,Normal,base_defense
Noctowl,156,Normal,base_defense
Ledyba,118,Bug,base_defense
Ledian,179,Bug,base_defense
Spinarak,73,Bug,base_defense
Ariados,124,Bug,base_defense
Crobat,178,Poison,base_defense
Chinchou,97,Water,base_defense
Lanturn,137,Water,base_defense
Pichu,53,Electric,base_defense
Cleffa,79,Fairy,base_defense
Igglybuff,32,Normal,base_defense
Togepi,116,Fairy,base_defense
Togetic,181,Fairy,base_defense
Natu,89,Psychic,base_defense
Xatu,146,Psychic,base_defense
Mareep,79,Electric,base_defense
Flaaffy,109,Electric,base_defense
Ampharos,169,Electric,base_defense
Bellossom,186,Grass,base_defense
Marill,93,Water,base_defense
Azumarill,152,Water,base_defense
Sudowoodo,176,Rock,base_defense
Politoed,179,Water,base_defense
Hoppip,94,Grass,base_defense
Skiploom,120,Grass,base_defense
Jumpluff,183,Grass,base_defense
Aipom,112,Normal,base_defense
Sunkern,55,Grass,base_defense
Sunflora,135,Grass,base_defense
Yanma,94,Bug,base_defense
Wooper,66,Water,base_defense
Quagsire,143,Water,base_defense
Espeon,175,Psychic,base_defense
Umbreon,240,Dark,base_defense
Murkrow,87,Dark,base_defense
Slowking,180,Water,base_defense
Misdreavus,154,Ghost,base_defense
Unown,91,Psychic,base_defense
Wobbuffet,106,Psychic,base_defense
Girafarig,133,Normal,base_defense
Pineco,122,Bug,base_defense
Forretress,205,Bug,base_defense
Dunsparce,128,Normal,base_defense
Gligar,184,Ground,base_defense
Steelix,272,Steel,base_defense
Snubbull,85,Fairy,base_defense
Granbull,131,Fairy,base_defense
Qwilfish,151,Dark,base_defense
Scizor,181,Bug,base_defense
Shuckle,396,Bug,base_defense
Heracross,179,Bug,base_defense
Sneasel,146,Fighting,base_defense
Teddiursa,93,Normal,base_defense
Ursaring,144,Normal,base_defense
Slugma,71,Fire,base_defense
Magcargo,191,Fire,base_defense
Swinub,69,Ice,base_defense
Piloswine,138,Ice,base_defense
Corsola,156,Water,base_defense
Remoraid,69,Water,base_defense
Octillery,141,Water,base_defense
Delibird,90,Ice,base_defense
Mantine,226,Water,base_defense
Skarmory,226,Steel,base_defense
Houndour,83,Dark,base_defense
Houndoom,144,Dark,base_defense
Kingdra,194,Water,base_defense
Phanpy,98,Ground,base_defense
Donphan,185,Ground,base_defense
Porygon2,180,Normal,base_defense
Stantler,131,Normal,base_defense
Smeargle,83,Normal,base_defense
Tyrogue,64,Fighting,base_defense
Hitmontop,207,Fighting,base_defense
Smoochum,91,Ice,base_defense
Elekid,101,Electric,base_defense
Magby,99,Fire,base_defense
Miltank,193,Normal,base_defense
Blissey,169,Normal,base_defense
Raikou,195,Electric,base_defense
Entei,171,Fire,base_defense
Suicune,235,Water,base_defense
Larvitar,93,Rock,base_defense
Pupitar,133,Rock,base_defense
Tyranitar,207,Rock,base_defense
Lugia,310,Psychic,base_defense
Ho-Oh,244,Fire,base_defense
Celebi,210,Psychic,base_defense
Treecko,94,Grass,base_defense
Grovyle,120,Grass,base_defense
Sceptile,169,Grass,base_defense
Torchic,87,Fire,base_defense
Combusken,115,Fire,base_defense
Blaziken,141,Fire,base_defense
Mudkip,93,Water,base_defense
Marshtomp,133,Water,base_defense
Swampert,175,Water,base_defense
Poochyena,61,Dark,base_defense
Mightyena,132,Dark,base_defense
Zigzagoon,80,Dark,base_defense
Linoone,128,Dark,base_defense
Wurmple,59,Bug,base_defense
Silcoon,77,Bug,base_defense
Beautifly,98,Bug,base_defense
Cascoon,77,Bug,base_defense
Dustox,162,Bug,base_defense
Lotad,77,Water,base_defense
Lombre,119,Water,base_defense
Ludicolo,176,Water,base_defense
Seedot,77,Grass,base_defense
Nuzleaf,78,Grass,base_defense
Shiftry,121,Grass,base_defense
Taillow,61,Normal,base_defense
Swellow,124,Normal,base_defense
Wingull,61,Water,base_defense
Pelipper,174,Water,base_defense
Ralts,59,Psychic,base_defense
Kirlia,90,Psychic,base_defense
Gardevoir,195,Psychic,base_defense
Surskit,87,Bug,base_defense
Masquerain,150,Bug,base_defense
Shroomish,110,Grass,base_defense
Breloom,144,Grass,base_defense
Slakoth,92,Normal,base_defense
Vigoroth,145,Normal,base_defense
Slaking,166,Normal,base_defense
Nincada,126,Bug,base_defense
Ninjask,112,Bug,base_defense
Shedinja,73,Bug,base_defense
Whismur,42,Normal,base_defense
Loudred,81,Normal,base_defense
Exploud,137,Normal,base_defense
Makuhita,54,Fighting,base_defense
Hariyama,114,Fighting,base_defense
Azurill,71,Normal,base_defense
Nosepass,215,Rock,base_defense
Skitty,79,Normal,base_defense
Delcatty,127,Normal,base_defense
Sableye,136,Dark,base_defense
Mawile,141,Steel,base_defense
Aron,141,Steel,base_defense
Lairon,198,Steel,base_defense
Aggron,257,Steel,base_defense
Meditite,107,Fighting,base_defense
Medicham,152,Fighting,base_defense
Electrike,78,Electric,base_defense
Manectric,127,Electric,base_defense
Plusle,129,Electric,base_defense
Minun,150,Electric,base_defense
Volbeat,166,Bug,base_defense
Illumise,166,Bug,base_defense
Roselia,131,Grass,base_defense
Gulpin,99,Poison,base_defense
Swalot,159,Poison,base_defense
Carvanha,39,Water,base_defense
Sharpedo,83,Water,base_defense
Wailmer,68,Water,base_defense
Wailord,87,Water,base_defense
Numel,79,Fire,base_defense
Camerupt,136,Fire,base_defense
Torkoal,203,Fire,base_defense
Spoink,122,Psychic,base_defense
Grumpig,188,Psychic,base_defense
Spinda,116,Normal,base_defense
Trapinch,78,Ground,base_defense
Vibrava,99,Ground,base_defense
Flygon,168,Ground,base_defense
Cacnea,74,Grass,base_defense
Cacturne,115,Grass,base_defense
Swablu,132,Normal,base_defense
Altaria,201,Dragon,base_defense
Zangoose,124,Normal,base_defense
Seviper,118,Poison,base_defense
Lunatone,153,Rock,base_defense
Solrock,153,Rock,base_defense
Barboach,82,Water,base_defense
Whiscash,141,Water,base_defense
Corphish,99,Water,base_defense
Crawdaunt,142,Water,base_defense
Baltoy,124,Ground,base_defense
Claydol,229,Ground,base_defense
Lileep,150,Rock,base_defense
Cradily,194,Rock,base_defense
Anorith,100,Rock,base_defense
Armaldo,174,Rock,base_defense
Feebas,85,Water,base_defense
Milotic,219,Water,base_defense
Castform,139,Normal,base_defense
Kecleon,189,Normal,base_defense
Shuppet,65,Ghost,base_defense
Banette,126,Ghost,base_defense
Duskull,162,Ghost,base_defense
Dusclops,234,Ghost,base_defense
Tropius,163,Grass,base_defense
Chimecho,170,Psychic,base_defense
Absol,120,Dark,base_defense
Wynaut,86,Psychic,base_defense
Snorunt,95,Ice,base_defense
Glalie,162,Ice,base_defense
Spheal,90,Ice,base_defense
Sealeo,132,Ice,base_defense
Walrein,176,Ice,base_defense
Clamperl,135,Water,base_defense
Huntail,179,Water,base_defense
Gorebyss,179,Water,base_defense
Relicanth,203,Water,base_defense
Luvdisc,128,Water,base_defense
Bagon,93,Dragon,base_defense
Shelgon,155,Dragon,base_defense
Salamence,168,Dragon,base_defense
Beldum,132,Steel,base_defense
Metang,176,Steel,base_defense
Metagross,228,Steel,base_defense
Regirock,309,Rock,base_defense
Regice,309,Ice,base_defense
Registeel,285,Steel,base_defense
Latias,246,Dragon,base_defense
Latios,212,Dragon,base_defense
Kyogre,228,Water,base_defense
Groudon,228,Ground,base_defense
Rayquaza,170,Dragon,base_defense
Jirachi,210,Steel,base_defense
Deoxys,46,Psychic,base_defense
Turtwig,110,Grass,base_defense
Grotle,143,Grass,base_defense
Torterra,188,Grass,base_defense
Chimchar,86,Fire,base_defense
Monferno,105,Fire,base_defense
Infernape,151,Fire,base_defense
Piplup,102,Water,base_defense
Prinplup,139,Water,base_defense
Empoleon,186,Water,base_defense
Starly,58,Normal,base_defense
Staravia,94,Normal,base_defense
Staraptor,140,Normal,base_defense
Bidoof,73,Normal,base_defense
Bibarel,119,Normal,base_defense
Kricketot,74,Bug,base_defense
Kricketune,100,Bug,base_defense
Shinx,64,Electric,base_defense
Luxio,95,Electric,base_defense
Luxray,156,Electric,base_defense
Budew,109,Grass,base_defense
Roserade,185,Grass,base_defense
Cranidos,71,Rock,base_defense
Rampardos,109,Rock,base_defense
Shieldon,195,Rock,base_defense
Bastiodon,286,Rock,base_defense
Burmy,83,Bug,base_defense
Wormadam,180,Bug,base_defense
Mothim,98,Bug,base_defense
Combee,83,Bug,base_defense
Vespiquen,190,Bug,base_defense
Pachirisu,172,Electric,base_defense
Buizel,67,Water,base_defense
Floatzel,114,Water,base_defense
Cherubi,92,Grass,base_defense
Cherrim,153,Grass,base_defense
Shellos,105,Water,base_defense
Gastrodon,143,Water,base_defense
Ambipom,143,Normal,base_defense
Drifloon,80,Ghost,base_defense
Drifblim,102,Ghost,base_defense
Buneary,105,Normal,base_defense
Lopunny,194,Normal,base_defense
Mismagius,187,Ghost,base_defense
Honchkrow,103,Dark,base_defense
Glameow,82,Normal,base_defense
Purugly,133,Normal,base_defense
Chingling,94,Psychic,base_defense
Stunky,90,Poison,base_defense
Skuntank,132,Poison,base_defense
Bronzor,154,Steel,base_defense
Bronzong,213,Steel,base_defense
Bonsly,133,Rock,base_defense
Mime Jr.,142,Psychic,base_defense
Happiny,77,Normal,base_defense
Chatot,91,Normal,base_defense
Spiritomb,199,Ghost,base_defense
Gible,84,Dragon,base_defense
Gabite,125,Dragon,base_defense
Garchomp,193,Dragon,base_defense
Munchlax,117,Normal,base_defense
Riolu,78,Fighting,base_defense
Lucario,144,Fighting,base_defense
Hippopotas,118,Ground,base_defense
Hippowdon,191,Ground,base_defense
Skorupi,151,Poison,base_defense
Drapion,202,Poison,base_defense
Croagunk,76,Poison,base_defense
Toxicroak,133,Poison,base_defense
Carnivine,136,Grass,base_defense
Finneon,116,Water,base_defense
Lumineon,170,Water,base_defense
Mantyke,179,Water,base_defense
Snover,105,Grass,base_defense
Abomasnow,158,Grass,base_defense
Weavile,171,Dark,base_defense
Magnezone,205,Electric,base_defense
Lickilicky,181,Normal,base_defense
Rhyperior,190,Ground,base_defense
Tangrowth,184,Grass,base_defense
Electivire,163,Electric,base_defense
Magmortar,172,Fire,base_defense
Togekiss,217,Fairy,base_defense
Yanmega,156,Bug,base_defense
Leafeon,219,Grass,base_defense
Glaceon,205,Ice,base_defense
Gliscor,222,Ground,base_defense
Mamoswine,146,Ice,base_defense
Porygon-Z,150,Normal,base_defense
Gallade,195,Psychic,base_defense
Probopass,275,Rock,base_defense
Dusknoir,254,Ghost,base_defense
Froslass,150,Ice,base_defense
Rotom,219,Electric,base_defense
Uxie,270,Psychic,base_defense
Mesprit,212,Psychic,base_defense
Azelf,151,Psychic,base_defense
Dialga,211,Steel,base_defense
Palkia,215,Water,base_defense
Heatran,213,Fire,base_defense
Regigigas,210,Normal,base_defense
Giratina,225,Ghost,base_defense
Cresselia,258,Psychic,base_defense
Phione,162,Water,base_defense
Manaphy,210,Water,base_defense
Darkrai,198,Dark,base_defense
Shaymin,210,Grass,base_defense
Arceus,238,Bug,base_defense
Victini,210,Psychic,base_defense
Snivy,107,Grass,base_defense
Servine,152,Grass,base_defense
Serperior,204,Grass,base_defense
Tepig,85,Fire,base_defense
Pignite,106,Fire,base_defense
Emboar,127,Fire,base_defense
Oshawott,85,Water,base_defense
Dewott,116,Water,base_defense
Samurott,152,Water,base_defense
Patrat,73,Normal,base_defense
Watchog,139,Normal,base_defense
Lillipup,86,Normal,base_defense
Herdier,126,Normal,base_defense
Stoutland,182,Normal,base_defense
Purrloin,73,Dark,base_defense
Liepard,106,Dark,base_defense
Pansage,94,Grass,base_defense
Simisage,133,Grass,base_defense
Pansear,94,Fire,base_defense
Simisear,133,Fire,base_defense
Panpour,94,Water,base_defense
Simipour,133,Water,base_defense
Munna,92,Psychic,base_defense
Musharna,166,Psychic,base_defense
Pidove,80,Normal,base_defense
Tranquill,107,Normal,base_defense
Unfezant,146,Normal,base_defense
Blitzle,64,Electric,base_defense
Zebstrika,136,Electric,base_defense
Roggenrola,110,Rock,base_defense
Boldore,143,Rock,base_defense
Gigalith,201,Rock,base_defense
Woobat,85,Psychic,base_defense
Swoobat,119,Psychic,base_defense
Drilbur,85,Ground,base_defense
Excadrill,129,Ground,base_defense
Audino,163,Normal,base_defense
Timburr,87,Fighting,base_defense
Gurdurr,134,Fighting,base_defense
Conkeldurr,158,Fighting,base_defense
Tympole,78,Water,base_defense
Palpitoad,109,Water,base_defense
Seismitoad,150,Water,base_defense
Throh,160,Fighting,base_defense
Sawk,153,Fighting,base_defense
Sewaddle,124,Bug,base_defense
Swadloon,162,Bug,base_defense
Leavanny,165,Bug,base_defense
Venipede,99,Bug,base_defense
Whirlipede,173,Bug,base_defense
Scolipede,175,Bug,base_defense
Cottonee,111,Grass,base_defense
Whimsicott,176,Grass,base_defense
Petilil,91,Grass,base_defense
Lilligant,155,Grass,base_defense
Basculin,129,Water,base_defense
Sandile,69,Ground,base_defense
Krokorok,90,Ground,base_defense
Krookodile,158,Ground,base_defense
Darumaka,86,Ice,base_defense
Darmanitan,114,Ice,base_defense
Maractus,130,Grass,base_defense
Dwebble,128,Bug,base_defense
Crustle,200,Bug,base_defense
Scraggy,132,Dark,base_defense
Scrafty,222,Dark,base_defense
Sigilyph,167,Psychic,base_defense
Yamask,141,Ground,base_defense
Cofagrigus,237,Ghost,base_defense
Tirtouga,146,Water,base_defense
Carracosta,197,Water,base_defense
Archen,89,Rock,base_defense
Archeops,139,Rock,base_defense
Trubbish,122,Poison,base_defense
Garbodor,164,Poison,base_defense
Zorua,78,Dark,base_defense
Zoroark,127,Dark,base_defense
Minccino,80,Normal,base_defense
Cinccino,130,Normal,base_defense
Gothita,112,Psychic,base_defense
Gothorita,153,Psychic,base_defense
Gothitelle,205,Psychic,base_defense
Solosis,83,Psychic,base_defense
Duosion,103,Psychic,base_defense
Reuniclus,148,Psychic,base_defense
Ducklett,96,Water,base_defense
Swanna,132,Water,base_defense
Vanillite,106,Ice,base_defense
Vanillish,138,Ice,base_defense
Vanilluxe,184,Ice,base_defense
Deerling,100,Normal,base_defense
Sawsbuck,146,Normal,base_defense
Emolga,127,Electric,base_defense
Karrablast,87,Bug,base_defense
Escavalier,187,Bug,base_defense
Foongus,91,Grass,base_defense
Amoonguss,139,Grass,base_defense
Frillish,134,Water,base_defense
Jellicent,178,Water,base_defense
Alomomola,131,Water,base_defense
Joltik,98,Bug,base_defense
Galvantula,128,Bug,base_defense
Ferroseed,155,Grass,base_defense
Ferrothorn,223,Grass,base_defense
Klink,121,Steel,base_defense
Klang,174,Steel,base_defense
Klinklang,214,Steel,base_defense
Tynamo,78,Electric,base_defense
Eelektrik,130,Electric,base_defense
Eelektross,152,Electric,base_defense
Elgyem,100,Psychic,base_defense
Beheeyem,163,Psychic,base_defense
Litwick,98,Ghost,base_defense
Lampent,115,Ghost,base_defense
Chandelure,182,Ghost,base_defense
Axew,101,Dragon,base_defense
Fraxure,123,Dragon,base_defense
Haxorus,172,Dragon,base_defense
Cubchoo,74,Ice,base_defense
Beartic,152,Ice,base_defense
Cryogonal,218,Ice,base_defense
Shelmet,140,Bug,base_defense
Accelgor,120,Bug,base_defense
Stunfisk,171,Ground,base_defense
Mienfoo,98,Fighting,base_defense
Mienshao,127,Fighting,base_defense
Druddigon,170,Dragon,base_defense
Golett,92,Ground,base_defense
Golurk,154,Ground,base_defense
Pawniard,114,Dark,base_defense
Bisharp,176,Dark,base_defense
Bouffalant,182,Normal,base_defense
Rufflet,97,Normal,base_defense
Braviary,137,Psychic,base_defense
Vullaby,139,Dark,base_defense
Mandibuzz,205,Dark,base_defense
Heatmor,129,Fire,base_defense
Durant,188,Bug,base_defense
Deino,93,Dark,base_defense
Zweilous,135,Dark,base_defense
Hydreigon,188,Dark,base_defense
Larvesta,107,Bug,base_defense
Volcarona,189,Bug,base_defense
Cobalion,229,Steel,base_defense
Terrakion,192,Rock,base_defense
Virizion,229,Grass,base_defense
Tornadus,164,Flying,base_defense
Thundurus,164,Electric,base_defense
Reshiram,211,Dragon,base_defense
Zekrom,211,Dragon,base_defense
Landorus,182,Ground,base_defense
Kyurem,183,Dragon,base_defense
Keldeo,192,Water,base_defense
Meloetta,225,Normal,base_defense
Genesect,199,Bug,base_defense
Chespin,106,Grass,base_defense
Quilladin,156,Grass,base_defense
Chesnaught,204,Grass,base_defense
Fennekin,102,Fire,base_defense
Braixen,130,Fire,base_defense
Delphox,189,Fire,base_defense
Froakie,84,Water,base_defense
Frogadier,114,Water,base_defense
Greninja,152,Water,base_defense
Bunnelby,72,Normal,base_defense
Diggersby,155,Normal,base_defense
Fletchling,80,Normal,base_defense
Fletchinder,110,Fire,base_defense
Talonflame,155,Fire,base_defense
Scatterbug,63,Bug,base_defense
Spewpa,89,Bug,base_defense
Vivillon,103,Bug,base_defense
Litleo,112,Fire,base_defense
Pyroar,149,Fire,base_defense
Flabebe,120,Fairy,base_defense
Floette,151,Fairy,base_defense
Florges,244,Fairy,base_defense
Skiddo,102,Grass,base_defense
Gogoat,146,Grass,base_defense
Pancham,107,Fighting,base_defense
Pangoro,146,Fighting,base_defense
Furfrou,167,Normal,base_defense
Espurr,114,Psychic,base_defense
Meowstic,167,Psychic,base_defense
Honedge,139,Steel,base_defense
Doublade,206,Steel,base_defense
Aegislash,97,Steel,base_defense
Spritzee,113,Fairy,base_defense
Aromatisse,150,Fairy,base_defense
Swirlix,119,Fairy,base_defense
Slurpuff,163,Fairy,base_defense
Inkay,95,Dark,base_defense
Malamar,165,Dark,base_defense
Binacle,120,Rock,base_defense
Barbaracle,205,Rock,base_defense
Skrelp,109,Poison,base_defense
Dragalge,207,Poison,base_defense
Clauncher,117,Water,base_defense
Clawitzer,171,Water,base_defense
Helioptile,78,Electric,base_defense
Heliolisk,168,Electric,base_defense
Tyrunt,123,Rock,base_defense
Tyrantrum,191,Rock,base_defense
Amaura,109,Rock,base_defense
Aurorus,163,Rock,base_defense
Sylveon,205,Fairy,base_defense
Hawlucha,153,Fighting,base_defense
Dedenne,134,Electric,base_defense
Carbink,285,Rock,base_defense
Goomy,112,Dragon,base_defense
Sliggoo,176,Dragon,base_defense
Goodra,242,Dragon,base_defense
Klefki,179,Steel,base_defense
Phantump,103,Ghost,base_defense
Trevenant,154,Ghost,base_defense
Pumpkaboo,123,Ghost,base_defense
Gourgeist,213,Ghost,base_defense
Bergmite,120,Ice,base_defense
Avalugg,238,Ice,base_defense
Noibat,73,Flying,base_defense
Noivern,175,Flying,base_defense
Xerneas,185,Fairy,base_defense
Yveltal,185,Dark,base_defense
Zygarde,207,Dragon,base_defense
Diancie,285,Rock,base_defense
Hoopa,187,Psychic,base_defense
Volcanion,216,Fire,base_defense
Rowlet,99,Grass,base_defense
Dartrix,139,Grass,base_defense
Decidueye,174,Grass,base_defense
Litten,79,Fire,base_defense
Torracat,103,Fire,base_defense
Incineroar,175,Fire,base_defense
Popplio,103,Water,base_defense
Brionne,145,Water,base_defense
Primarina,195,Water,base_defense
Pikipek,59,Normal,base_defense
Trumbeak,100,Normal,base_defense
Toucannon,146,Normal,base_defense
Yungoos,56,Normal,base_defense
Gumshoos,113,Normal,base_defense
Grubbin,85,Bug,base_defense
Charjabug,161,Bug,base_defense
Vikavolt,158,Bug,base_defense
Crabrawler,104,Fighting,base_defense
Crabominable,138,Fighting,base_defense
Oricorio,145,Fire,base_defense
Cutiefly,81,Bug,base_defense
Ribombee,146,Bug,base_defense
Rockruff,78,Rock,base_defense
Lycanroc,139,Rock,base_defense
Wishiwashi,242,Water,base_defense
Mareanie,110,Poison,base_defense
Toxapex,273,Poison,base_defense
Mudbray,121,Ground,base_defense
Mudsdale,174,Ground,base_defense
Dewpider,117,Water,base_defense
Araquanid,219,Water,base_defense
Fomantis,64,Grass,base_defense
Lurantis,169,Grass,base_defense
Morelull,119,Grass,base_defense
Shiinotic,168,Grass,base_defense
Salandit,80,Poison,base_defense
Salazzle,130,Poison,base_defense
Stufful,95,Normal,base_defense
Bewear,141,Normal,base_defense
Bounsweet,69,Grass,base_defense
Steenee,94,Grass,base_defense
Tsareena,195,Grass,base_defense
Comfey,215,Fairy,base_defense
Oranguru,192,Normal,base_defense
Passimian,160,Fighting,base_defense
Wimpod,74,Bug,base_defense
Golisopod,226,Bug,base_defense
Sandygast,118,Ghost,base_defense
Palossand,178,Ghost,base_defense
Pyukumuku,224,Water,base_defense
Type: Null,184,Normal,base_defense
Silvally,198,Bug,base_defense
Minior,131,Rock,base_defense
Komala,165,Normal,base_defense
Turtonator,215,Fire,base_defense
Togedemaru,145,Electric,base_defense
Mimikyu,199,Ghost,base_defense
Bruxish,145,Water,base_defense
Drampa,164,Normal,base_defense
Dhelmise,179,Ghost,base_defense
Jangmo-o,108,Dragon,base_defense
Hakamo-o,162,Dragon,base_defense
Kommo-o,240,Dragon,base_defense
Tapu Koko,181,Electric,base_defense
Tapu Lele,208,Psychic,base_defense
Tapu Bulu,215,Grass,base_defense
Tapu Fini,254,Water,base_defense
Cosmog,57,Psychic,base_defense
Cosmoem,242,Psychic,base_defense
Solgaleo,191,Psychic,base_defense
Lunala,191,Psychic,base_defense
Nihilego,210,Rock,base_defense
Buzzwole,196,Bug,base_defense
Pheromosa,85,Bug,base_defense
Xurkitree,144,Electric,base_defense
Celesteela,199,Steel,base_defense
Kartana,182,Grass,base_defense
Guzzlord,99,Dark,base_defense
Necrozma,220,Psychic,base_defense
Magearna,225,Steel,base_defense
Marshadow,190,Fighting,base_defense
Poipole,133,Poison,base_defense
Naganadel,159,Poison,base_defense
Stakataka,298,Rock,base_defense
Blacephalon,148,Fire,base_defense
Zeraora,177,Electric,base_defense
Meltan,99,Steel,base_defense
Melmetal,190,Steel,base_defense
Grookey,91,Grass,base_defense
Thwackey,134,Grass,base_defense
Rillaboom,168,Grass,base_defense
Scorbunny,79,Fire,base_defense
Raboot,125,Fire,base_defense
Cinderace,163,Fire,base_defense
Sobble,79,Water,base_defense
Drizzile,113,Water,base_defense
Inteleon,142,Water,base_defense
Skwovet,86,Normal,base_defense
Greedent,156,Normal,base_defense
Rookidee,67,Flying,base_defense
Corvisquire,110,Flying,base_defense
Corviknight,192,Flying,base_defense
Blipbug,67,Bug,base_defense
Dottler,157,Bug,base_defense
Orbeetle,240,Bug,base_defense
Nickit,82,Dark,base_defense
Thievul,164,Dark,base_defense
Gossifleur,104,Grass,base_defense
Eldegoss,211,Grass,base_defense
Wooloo,97,Normal,base_defense
Dubwool,198,Normal,base_defense
Chewtle,85,Water,base_defense
Drednaw,164,Water,base_defense
Yamper,90,Electric,base_defense
Boltund,131,Electric,base_defense
Rolycoly,91,Rock,base_defense
Carkol,157,Rock,base_defense
Coalossal,198,Rock,base_defense
Applin,116,Grass,base_defense
Flapple,144,Grass,base_defense
Appletun,146,Grass,base_defense
Silicobra,123,Ground,base_defense
Sandaconda,207,Ground,base_defense
Cramorant,163,Flying,base_defense
Arrokuda,72,Water,base_defense
Barraskewda,127,Water,base_defense
Toxel,65,Electric,base_defense
Toxtricity,140,Electric,base_defense
Sizzlipede,90,Fire,base_defense
Centiskorch,158,Fire,base_defense
Clobbopus,103,Fighting,base_defense
Grapploct,162,Fighting,base_defense
Sinistea,96,Ghost,base_defense
Polteageist,189,Ghost,base_defense
Hatenna,93,Psychic,base_defense
Hattrem,133,Psychic,base_defense
Hatterene,182,Psychic,base_defense
Impidimp,69,Dark,base_defense
Morgrem,102,Dark,base_defense
Grimmsnarl,139,Dark,base_defense
Obstagoon,194,Dark,base_defense
Perrserker,162,Steel,base_defense
Cursola,182,Ghost,base_defense
Sirfetchâ€™d,176,Fighting,base_defense
Mr. Rime,179,Ice,base_defense
Runerigus,237,Ground,base_defense
Milcery,97,Fairy,base_defense
Alcremie,203,Fairy,base_defense
Falinks,170,Fighting,base_defense
Pincurchin,161,Electric,base_defense
Snom,59,Ice,base_defense
Frosmoth,155,Ice,base_defense
Stonjourner,182,Rock,base_defense
Eiscue,195,Ice,base_defense
Indeedee,184,Psychic,base_defense
Morpeko,121,Electric,base_defense
Cufant,91,Steel,base_defense
Copperajah,126,Steel,base_defense
Dracozolt,165,Electric,base_defense
Arctozolt,166,Electric,base_defense
Dracovish,185,Water,base_defense
Arctovish,185,Water,base_defense
Duraludon,185,Steel,base_defense
Dreepy,61,Dragon,base_defense
Drakloak,105,Dragon,base_defense
Dragapult,170,Dragon,base_defense
Zacian,240,Fairy,base_defense
Zamazenta,292,Fighting,base_defense
Eternatus,192,Poison,base_defense
Kubfu,112,Fighting,base_defense
Urshifu,177,Fighting,base_defense
Zarude,215,Dark,base_defense
Regieleki,125,Electric,base_defense
Regidrago,101,Dragon,base_defense
Glastrier,223,Ice,base_defense
Spectrier,146,Ghost,base_defense
Calyrex,246,Psychic,base_defense
Wyrdeer,145,Normal,base_defense
Kleavor,174,Bug,base_defense
Ursaluna,181,Ground,base_defense
Sneasler,158,Fighting,base_defense
Overqwil,171,Dark,base_defense
Enamorus,162,Fairy,base_defense
Sprigatito,99,Grass,base_defense
Floragato,128,Grass,base_defense
Meowscarada,153,Grass,base_defense
Fuecoco,96,Fire,base_defense
Crocalor,134,Fire,base_defense
Skeledirge,178,Fire,base_defense
Quaxly,86,Water,base_defense
Quaxwell,123,Water,base_defense
Quaquaval,159,Water,base_defense
Lechonk,79,Normal,base_defense
Oinkologne,162,Normal,base_defense
Tarountula,77,Bug,base_defense
Spidops,166,Bug,base_defense
Nymble,65,Bug,base_defense
Lokix,144,Bug,base_defense
Pawmi,45,Electric,base_defense
Pawmo,82,Electric,base_defense
Pawmot,141,Electric,base_defense
Tandemaus,90,Normal,base_defense
Maushold,157,Normal,base_defense
Fidough,126,Fairy,base_defense
Dachsbun,212,Fairy,base_defense
Smoliv,89,Grass,base_defense
Dolliv,131,Grass,base_defense
Arboliva,189,Grass,base_defense
Squawkabilly,105,Normal,base_defense
Nacli,108,Rock,base_defense
Naclstack,160,Rock,base_defense
Garganacl,212,Rock,base_defense
Charcadet,74,Fire,base_defense
Armarouge,185,Fire,base_defense
Ceruledge,189,Fire,base_defense
Tadbulb,73,Electric,base_defense
Bellibolt,165,Electric,base_defense
Wattrel,75,Electric,base_defense
Kilowattrel,132,Electric,base_defense
Maschiff,108,Dark,base_defense
Mabosstiff,168,Dark,base_defense
Shroodle,70,Poison,base_defense
Grafaiai,149,Poison,base_defense
Bramblin,64,Grass,base_defense
Brambleghast,144,Grass,base_defense
Toedscool,149,Ground,base_defense
Toedscruel,209,Ground,base_defense
Klawf,185,Rock,base_defense
Capsakid,76,Grass,base_defense
Scovillain,130,Grass,base_defense
Rellor,108,Bug,base_defense
Rabsca,178,Bug,base_defense
Flittle,60,Psychic,base_defense
Espathra,127,Psychic,base_defense
Tinkatink,110,Fairy,base_defense
Tinkatuff,145,Fairy,base_defense
Tinkaton,196,Fairy,base_defense
Wiglett,52,Water,base_defense
Wugtrio,136,Water,base_defense
Bombirdier,172,Flying,base_defense
Finizen,80,Water,base_defense
Palafin,196,Water,base_defense
Varoom,107,Steel,base_defense
Revavroom,168,Steel,base_defense
Cyclizar,142,Dragon,base_defense
Orthworm,219,Steel,base_defense
Glimmet,104,Rock,base_defense
Glimmora,177,Rock,base_defense
Greavard,106,Ghost,base_defense
Houndstone,195,Ghost,base_defense
Flamigo,145,Flying,base_defense
Cetoddle,80,Ice,base_defense
Cetitan,123,Ice,base_defense
Veluza,139,Water,base_defense
Dondozo,178,Water,base_defense
Tatsugiri,166,Dragon,base_defense
Annihilape,178,Fighting,base_defense
Clodsire,151,Poison,base_defense
Farigiraf,136,Normal,base_defense
Dudunsparce,150,Normal,base_defense
Kingambit,203,Dark,base_defense
Great Tusk,209,Ground,base_defense
Scream Tail,234,Fairy,base_defense
Brute Bonnet,190,Grass,base_defense
Flutter Mane,235,Ghost,base_defense
Slither Wing,193,Bug,base_defense
Sandy Shocks,195,Electric,base_defense
Iron Treads,216,Ground,base_defense
Iron Bundle,211,Ice,base_defense
Iron Hands,177,Fighting,base_defense
Iron Jugulis,179,Dark,base_defense
Iron Moth,196,Fire,base_defense
Iron Thorns,200,Rock,base_defense
Frigibax,86,Dragon,base_defense
Arctibax,128,Dragon,base_defense
Baxcalibur,168,Dragon,base_defense
Gimmighoul,76,Ghost,base_defense
Gholdengo,190,Steel,base_defense
Wo-Chien,242,Dark,base_defense
Chien-Pao,167,Dark,base_defense
Ting-Lu,203,Dark,base_defense
Chi-Yu,221,Dark,base_defense
Roaring Moon,196,Dragon,base_defense
Iron Valiant,171,Fairy,base_defense
Koraidon,223,Fighting,base_defense
Miraidon,223,Electric,base_defense
Bulbasaur,128,Grass,base_stamina
Ivysaur,155,Grass,base_stamina
Venusaur,190,Grass,base_stamina
Charmander,118,Fire,base_stamina
Charmeleon,151,Fire,base_stamina
Charizard,186,Fire,base_stamina
Squirtle,127,Water,base_stamina
Wartortle,153,Water,base_stamina
Blastoise,188,Water,base_stamina
Caterpie,128,Bug,base_stamina
Metapod,137,Bug,base_stamina
Butterfree,155,Bug,base_stamina
Weedle,120,Bug,base_stamina
Kakuna,128,Bug,base_stamina
Beedrill,163,Bug,base_stamina
Pidgey,120,Normal,base_stamina
Pidgeotto,160,Normal,base_stamina
Pidgeot,195,Normal,base_stamina
Rattata,102,Dark,base_stamina
Raticate,181,Dark,base_stamina
Spearow,120,Normal,base_stamina
Fearow,163,Normal,base_stamina
Ekans,111,Poison,base_stamina
Arbok,155,Poison,base_stamina
Pikachu,111,Electric,base_stamina
Raichu,155,Electric,base_stamina
Sandshrew,137,Ice,base_stamina
Sandslash,181,Ice,base_stamina
Nidoranâ™€,146,Poison,base_stamina
Nidorina,172,Poison,base_stamina
Nidoqueen,207,Poison,base_stamina
Nidoranâ™‚,130,Poison,base_stamina
Nidorino,156,Poison,base_stamina
Nidoking,191,Poison,base_stamina
Clefairy,172,Fairy,base_stamina
Clefable,216,Fairy,base_stamina
Vulpix,116,Ice,base_stamina
Ninetales,177,Ice,base_stamina
Jigglypuff,251,Normal,base_stamina
Wigglytuff,295,Normal,base_stamina
Zubat,120,Poison,base_stamina
Golbat,181,Poison,base_stamina
Oddish,128,Grass,base_stamina
Gloom,155,Grass,base_stamina
Vileplume,181,Grass,base_stamina
Paras,111,Bug,base_stamina
Parasect,155,Bug,base_stamina
Venonat,155,Bug,base_stamina
Venomoth,172,Bug,base_stamina
Diglett,67,Ground,base_stamina
Dugtrio,111,Ground,base_stamina
Meowth,120,Dark,base_stamina
Persian,163,Dark,base_stamina
Psyduck,137,Water,base_stamina
Golduck,190,Water,base_stamina
Mankey,120,Fighting,base_stamina
Primeape,163,Fighting,base_stamina
Growlithe,155,Fire,base_stamina
Arcanine,216,Fire,base_stamina
Poliwag,120,Water,base_stamina
Poliwhirl,163,Water,base_stamina
Poliwrath,207,Water,base_stamina
Abra,93,Psychic,base_stamina
Kadabra,120,Psychic,base_stamina
Alakazam,146,Psychic,base_stamina
Machop,172,Fighting,base_stamina
Machoke,190,Fighting,base_stamina
Machamp,207,Fighting,base_stamina
Bellsprout,137,Grass,base_stamina
Weepinbell,163,Grass,base_stamina
Victreebel,190,Grass,base_stamina
Tentacool,120,Water,base_stamina
Tentacruel,190,Water,base_stamina
Geodude,120,Rock,base_stamina
Graveler,146,Rock,base_stamina
Golem,190,Rock,base_stamina
Ponyta,137,Psychic,base_stamina
Rapidash,163,Psychic,base_stamina
Slowpoke,207,Water,base_stamina
Slowbro,216,Water,base_stamina
Magnemite,93,Electric,base_stamina
Magneton,137,Electric,base_stamina
Farfetchâ€™d,141,Fighting,base_stamina
Doduo,111,Normal,base_stamina
Dodrio,155,Normal,base_stamina
Seel,163,Water,base_stamina
Dewgong,207,Water,base_stamina
Grimer,190,Poison,base_stamina
Muk,233,Poison,base_stamina
Shellder,102,Water,base_stamina
Cloyster,137,Water,base_stamina
Gastly,102,Ghost,base_stamina
Haunter,128,Ghost,base_stamina
Gengar,155,Ghost,base_stamina
Onix,111,Rock,base_stamina
Drowzee,155,Psychic,base_stamina
Hypno,198,Psychic,base_stamina
Krabby,102,Water,base_stamina
Kingler,146,Water,base_stamina
Voltorb,120,Electric,base_stamina
Electrode,155,Electric,base_stamina
Exeggcute,155,Grass,base_stamina
Exeggutor,216,Grass,base_stamina
Cubone,137,Ground,base_stamina
Marowak,155,Fire,base_stamina
Hitmonlee,137,Fighting,base_stamina
Hitmonchan,137,Fighting,base_stamina
Lickitung,207,Normal,base_stamina
Koffing,120,Poison,base_stamina
Weezing,163,Poison,base_stamina
Rhyhorn,190,Ground,base_stamina
Rhydon,233,Ground,base_stamina
Chansey,487,Normal,base_stamina
Tangela,163,Grass,base_stamina
Kangaskhan,233,Normal,base_stamina
Horsea,102,Water,base_stamina
Seadra,146,Water,base_stamina
Goldeen,128,Water,base_stamina
Seaking,190,Water,base_stamina
Staryu,102,Water,base_stamina
Starmie,155,Water,base_stamina
Mr. Mime,137,Ice,base_stamina
Scyther,172,Bug,base_stamina
Jynx,163,Ice,base_stamina
Electabuzz,163,Electric,base_stamina
Magmar,163,Fire,base_stamina
Pinsir,163,Bug,base_stamina
Tauros,181,Normal,base_stamina
Magikarp,85,Water,base_stamina
Gyarados,216,Water,base_stamina
Lapras,277,Water,base_stamina
Ditto,134,Normal,base_stamina
Eevee,146,Normal,base_stamina
Vaporeon,277,Water,base_stamina
Jolteon,163,Electric,base_stamina
Flareon,163,Fire,base_stamina
Porygon,163,Normal,base_stamina
Omanyte,111,Rock,base_stamina
Omastar,172,Rock,base_stamina
Kabuto,102,Rock,base_stamina
Kabutops,155,Rock,base_stamina
Aerodactyl,190,Rock,base_stamina
Snorlax,330,Normal,base_stamina
Articuno,207,Psychic,base_stamina
Zapdos,207,Fighting,base_stamina
Moltres,207,Dark,base_stamina
Dratini,121,Dragon,base_stamina
Dragonair,156,Dragon,base_stamina
Dragonite,209,Dragon,base_stamina
Mewtwo,214,Psychic,base_stamina
Mew,225,Psychic,base_stamina
Chikorita,128,Grass,base_stamina
Bayleef,155,Grass,base_stamina
Meganium,190,Grass,base_stamina
Cyndaquil,118,Fire,base_stamina
Quilava,151,Fire,base_stamina
Typhlosion,177,Fire,base_stamina
Totodile,137,Water,base_stamina
Croconaw,163,Water,base_stamina
Feraligatr,198,Water,base_stamina
Sentret,111,Normal,base_stamina
Furret,198,Normal,base_stamina
Hoothoot,155,Normal,base_stamina
Noctowl,225,Normal,base_stamina
Ledyba,120,Bug,base_stamina
Ledian,146,Bug,base_stamina
Spinarak,120,Bug,base_stamina
Ariados,172,Bug,base_stamina
Crobat,198,Poison,base_stamina
Chinchou,181,Water,base_stamina
Lanturn,268,Water,base_stamina
Pichu,85,Electric,base_stamina
Cleffa,137,Fairy,base_stamina
Igglybuff,207,Normal,base_stamina
Togepi,111,Fairy,base_stamina
Togetic,146,Fairy,base_stamina
Natu,120,Psychic,base_stamina
Xatu,163,Psychic,base_stamina
Mareep,146,Electric,base_stamina
Flaaffy,172,Electric,base_stamina
Ampharos,207,Electric,base_stamina
Bellossom,181,Grass,base_stamina
Marill,172,Water,base_stamina
Azumarill,225,Water,base_stamina
Sudowoodo,172,Rock,base_stamina
Politoed,207,Water,base_stamina
Hoppip,111,Grass,base_stamina
Skiploom,146,Grass,base_stamina
Jumpluff,181,Grass,base_stamina
Aipom,146,Normal,base_stamina
Sunkern,102,Grass,base_stamina
Sunflora,181,Grass,base_stamina
Yanma,163,Bug,base_stamina
Wooper,146,Water,base_stamina
Quagsire,216,Water,base_stamina
Espeon,163,Psychic,base_stamina
Umbreon,216,Dark,base_stamina
Murkrow,155,Dark,base_stamina
Slowking,216,Water,base_stamina
Misdreavus,155,Ghost,base_stamina
Unown,134,Psychic,base_stamina
Wobbuffet,382,Psychic,base_stamina
Girafarig,172,Normal,base_stamina
Pineco,137,Bug,base_stamina
Forretress,181,Bug,base_stamina
Dunsparce,225,Normal,base_stamina
Gligar,163,Ground,base_stamina
Steelix,181,Steel,base_stamina
Snubbull,155,Fairy,base_stamina
Granbull,207,Fairy,base_stamina
Qwilfish,163,Dark,base_stamina
Scizor,172,Bug,base_stamina
Shuckle,85,Bug,base_stamina
Heracross,190,Bug,base_stamina
Sneasel,146,Fighting,base_stamina
Teddiursa,155,Normal,base_stamina
Ursaring,207,Normal,base_stamina
Slugma,120,Fire,base_stamina
Magcargo,137,Fire,base_stamina
Swinub,137,Ice,base_stamina
Piloswine,225,Ice,base_stamina
Corsola,146,Water,base_stamina
Remoraid,111,Water,base_stamina
Octillery,181,Water,base_stamina
Delibird,128,Ice,base_stamina
Mantine,163,Water,base_stamina
Skarmory,163,Steel,base_stamina
Houndour,128,Dark,base_stamina
Houndoom,181,Dark,base_stamina
Kingdra,181,Water,base_stamina
Phanpy,207,Ground,base_stamina
Donphan,207,Ground,base_stamina
Porygon2,198,Normal,base_stamina
Stantler,177,Normal,base_stamina
Smeargle,146,Normal,base_stamina
Tyrogue,111,Fighting,base_stamina
Hitmontop,137,Fighting,base_stamina
Smoochum,128,Ice,base_stamina
Elekid,128,Electric,base_stamina
Magby,128,Fire,base_stamina
Miltank,216,Normal,base_stamina
Blissey,496,Normal,base_stamina
Raikou,207,Electric,base_stamina
Entei,251,Fire,base_stamina
Suicune,225,Water,base_stamina
Larvitar,137,Rock,base_stamina
Pupitar,172,Rock,base_stamina
Tyranitar,225,Rock,base_stamina
Lugia,235,Psychic,base_stamina
Ho-Oh,214,Fire,base_stamina
Celebi,225,Psychic,base_stamina
Treecko,120,Grass,base_stamina
Grovyle,137,Grass,base_stamina
Sceptile,172,Grass,base_stamina
Torchic,128,Fire,base_stamina
Combusken,155,Fire,base_stamina
Blaziken,190,Fire,base_stamina
Mudkip,137,Water,base_stamina
Marshtomp,172,Water,base_stamina
Swampert,225,Water,base_stamina
Poochyena,111,Dark,base_stamina
Mightyena,172,Dark,base_stamina
Zigzagoon,116,Dark,base_stamina
Linoone,186,Dark,base_stamina
Wurmple,128,Bug,base_stamina
Silcoon,137,Bug,base_stamina
Beautifly,155,Bug,base_stamina
Cascoon,137,Bug,base_stamina
Dustox,155,Bug,base_stamina
Lotad,120,Water,base_stamina
Lombre,155,Water,base_stamina
Ludicolo,190,Water,base_stamina
Seedot,120,Grass,base_stamina
Nuzleaf,172,Grass,base_stamina
Shiftry,207,Grass,base_stamina
Taillow,120,Normal,base_stamina
Swellow,155,Normal,base_stamina
Wingull,120,Water,base_stamina
Pelipper,155,Water,base_stamina
Ralts,99,Psychic,base_stamina
Kirlia,116,Psychic,base_stamina
Gardevoir,169,Psychic,base_stamina
Surskit,120,Bug,base_stamina
Masquerain,172,Bug,base_stamina
Shroomish,155,Grass,base_stamina
Breloom,155,Grass,base_stamina
Slakoth,155,Normal,base_stamina
Vigoroth,190,Normal,base_stamina
Slaking,284,Normal,base_stamina
Nincada,104,Bug,base_stamina
Ninjask,156,Bug,base_stamina
Shedinja,1,Bug,base_stamina
Whismur,162,Normal,base_stamina
Loudred,197,Normal,base_stamina
Exploud,232,Normal,base_stamina
Makuhita,176,Fighting,base_stamina
Hariyama,302,Fighting,base_stamina
Azurill,137,Normal,base_stamina
Nosepass,102,Rock,base_stamina
Skitty,137,Normal,base_stamina
Delcatty,172,Normal,base_stamina
Sableye,137,Dark,base_stamina
Mawile,137,Steel,base_stamina
Aron,137,Steel,base_stamina
Lairon,155,Steel,base_stamina
Aggron,172,Steel,base_stamina
Meditite,102,Fighting,base_stamina
Medicham,155,Fighting,base_stamina
Electrike,120,Electric,base_stamina
Manectric,172,Electric,base_stamina
Plusle,155,Electric,base_stamina
Minun,155,Electric,base_stamina
Volbeat,163,Bug,base_stamina
Illumise,163,Bug,base_stamina
Roselia,137,Grass,base_stamina
Gulpin,172,Poison,base_stamina
Swalot,225,Poison,base_stamina
Carvanha,128,Water,base_stamina
Sharpedo,172,Water,base_stamina
Wailmer,277,Water,base_stamina
Wailord,347,Water,base_stamina
Numel,155,Fire,base_stamina
Camerupt,172,Fire,base_stamina
Torkoal,172,Fire,base_stamina
Spoink,155,Psychic,base_stamina
Grumpig,190,Psychic,base_stamina
Spinda,155,Normal,base_stamina
Trapinch,128,Ground,base_stamina
Vibrava,137,Ground,base_stamina
Flygon,190,Ground,base_stamina
Cacnea,137,Grass,base_stamina
Cacturne,172,Grass,base_stamina
Swablu,128,Normal,base_stamina
Altaria,181,Dragon,base_stamina
Zangoose,177,Normal,base_stamina
Seviper,177,Poison,base_stamina
Lunatone,207,Rock,base_stamina
Solrock,207,Rock,base_stamina
Barboach,137,Water,base_stamina
Whiscash,242,Water,base_stamina
Corphish,125,Water,base_stamina
Crawdaunt,160,Water,base_stamina
Baltoy,120,Ground,base_stamina
Claydol,155,Ground,base_stamina
Lileep,165,Rock,base_stamina
Cradily,200,Rock,base_stamina
Anorith,128,Rock,base_stamina
Armaldo,181,Rock,base_stamina
Feebas,85,Water,base_stamina
Milotic,216,Water,base_stamina
Castform,172,Normal,base_stamina
Kecleon,155,Normal,base_stamina
Shuppet,127,Ghost,base_stamina
Banette,162,Ghost,base_stamina
Duskull,85,Ghost,base_stamina
Dusclops,120,Ghost,base_stamina
Tropius,223,Grass,base_stamina
Chimecho,181,Psychic,base_stamina
Absol,163,Dark,base_stamina
Wynaut,216,Psychic,base_stamina
Snorunt,137,Ice,base_stamina
Glalie,190,Ice,base_stamina
Spheal,172,Ice,base_stamina
Sealeo,207,Ice,base_stamina
Walrein,242,Ice,base_stamina
Clamperl,111,Water,base_stamina
Huntail,146,Water,base_stamina
Gorebyss,146,Water,base_stamina
Relicanth,225,Water,base_stamina
Luvdisc,125,Water,base_stamina
Bagon,128,Dragon,base_stamina
Shelgon,163,Dragon,base_stamina
Salamence,216,Dragon,base_stamina
Beldum,120,Steel,base_stamina
Metang,155,Steel,base_stamina
Metagross,190,Steel,base_stamina
Regirock,190,Rock,base_stamina
Regice,190,Ice,base_stamina
Registeel,190,Steel,base_stamina
Latias,190,Dragon,base_stamina
Latios,190,Dragon,base_stamina
Kyogre,205,Water,base_stamina
Groudon,205,Ground,base_stamina
Rayquaza,213,Dragon,base_stamina
Jirachi,225,Steel,base_stamina
Deoxys,137,Psychic,base_stamina
Turtwig,146,Grass,base_stamina
Grotle,181,Grass,base_stamina
Torterra,216,Grass,base_stamina
Chimchar,127,Fire,base_stamina
Monferno,162,Fire,base_stamina
Infernape,183,Fire,base_stamina
Piplup,142,Water,base_stamina
Prinplup,162,Water,base_stamina
Empoleon,197,Water,base_stamina
Starly,120,Normal,base_stamina
Staravia,146,Normal,base_stamina
Staraptor,198,Normal,base_stamina
Bidoof,153,Normal,base_stamina
Bibarel,188,Normal,base_stamina
Kricketot,114,Bug,base_stamina
Kricketune,184,Bug,base_stamina
Shinx,128,Electric,base_stamina
Luxio,155,Electric,base_stamina
Luxray,190,Electric,base_stamina
Budew,120,Grass,base_stamina
Roserade,155,Grass,base_stamina
Cranidos,167,Rock,base_stamina
Rampardos,219,Rock,base_stamina
Shieldon,102,Rock,base_stamina
Bastiodon,155,Rock,base_stamina
Burmy,120,Bug,base_stamina
Wormadam,155,Bug,base_stamina
Mothim,172,Bug,base_stamina
Combee,102,Bug,base_stamina
Vespiquen,172,Bug,base_stamina
Pachirisu,155,Electric,base_stamina
Buizel,146,Water,base_stamina
Floatzel,198,Water,base_stamina
Cherubi,128,Grass,base_stamina
Cherrim,172,Grass,base_stamina
Shellos,183,Water,base_stamina
Gastrodon,244,Water,base_stamina
Ambipom,181,Normal,base_stamina
Drifloon,207,Ghost,base_stamina
Drifblim,312,Ghost,base_stamina
Buneary,146,Normal,base_stamina
Lopunny,163,Normal,base_stamina
Mismagius,155,Ghost,base_stamina
Honchkrow,225,Dark,base_stamina
Glameow,135,Normal,base_stamina
Purugly,174,Normal,base_stamina
Chingling,128,Psychic,base_stamina
Stunky,160,Poison,base_stamina
Skuntank,230,Poison,base_stamina
Bronzor,149,Steel,base_stamina
Bronzong,167,Steel,base_stamina
Bonsly,137,Rock,base_stamina
Mime Jr.,85,Psychic,base_stamina
Happiny,225,Normal,base_stamina
Chatot,183,Normal,base_stamina
Spiritomb,137,Ghost,base_stamina
Gible,151,Dragon,base_stamina
Gabite,169,Dragon,base_stamina
Garchomp,239,Dragon,base_stamina
Munchlax,286,Normal,base_stamina
Riolu,120,Fighting,base_stamina
Lucario,172,Fighting,base_stamina
Hippopotas,169,Ground,base_stamina
Hippowdon,239,Ground,base_stamina
Skorupi,120,Poison,base_stamina
Drapion,172,Poison,base_stamina
Croagunk,134,Poison,base_stamina
Toxicroak,195,Poison,base_stamina
Carnivine,179,Grass,base_stamina
Finneon,135,Water,base_stamina
Lumineon,170,Water,base_stamina
Mantyke,128,Water,base_stamina
Snover,155,Grass,base_stamina
Abomasnow,207,Grass,base_stamina
Weavile,172,Dark,base_stamina
Magnezone,172,Electric,base_stamina
Lickilicky,242,Normal,base_stamina
Rhyperior,251,Ground,base_stamina
Tangrowth,225,Grass,base_stamina
Electivire,181,Electric,base_stamina
Magmortar,181,Fire,base_stamina
Togekiss,198,Fairy,base_stamina
Yanmega,200,Bug,base_stamina
Leafeon,163,Grass,base_stamina
Glaceon,163,Ice,base_stamina
Gliscor,181,Ground,base_stamina
Mamoswine,242,Ice,base_stamina
Porygon-Z,198,Normal,base_stamina
Gallade,169,Psychic,base_stamina
Probopass,155,Rock,base_stamina
Dusknoir,128,Ghost,base_stamina
Froslass,172,Ice,base_stamina
Rotom,137,Electric,base_stamina
Uxie,181,Psychic,base_stamina
Mesprit,190,Psychic,base_stamina
Azelf,181,Psychic,base_stamina
Dialga,205,Steel,base_stamina
Palkia,189,Water,base_stamina
Heatran,209,Fire,base_stamina
Regigigas,221,Normal,base_stamina
Giratina,284,Ghost,base_stamina
Cresselia,260,Psychic,base_stamina
Phione,190,Water,base_stamina
Manaphy,225,Water,base_stamina
Darkrai,172,Dark,base_stamina
Shaymin,225,Grass,base_stamina
Arceus,237,Bug,base_stamina
Victini,225,Psychic,base_stamina
Snivy,128,Grass,base_stamina
Servine,155,Grass,base_stamina
Serperior,181,Grass,base_stamina
Tepig,163,Fire,base_stamina
Pignite,207,Fire,base_stamina
Emboar,242,Fire,base_stamina
Oshawott,146,Water,base_stamina
Dewott,181,Water,base_stamina
Samurott,207,Water,base_stamina
Patrat,128,Normal,base_stamina
Watchog,155,Normal,base_stamina
Lillipup,128,Normal,base_stamina
Herdier,163,Normal,base_stamina
Stoutland,198,Normal,base_stamina
Purrloin,121,Dark,base_stamina
Liepard,162,Dark,base_stamina
Pansage,137,Grass,base_stamina
Simisage,181,Grass,base_stamina
Pansear,137,Fire,base_stamina
Simisear,181,Fire,base_stamina
Panpour,137,Water,base_stamina
Simipour,181,Water,base_stamina
Munna,183,Psychic,base_stamina
Musharna,253,Psychic,base_stamina
Pidove,137,Normal,base_stamina
Tranquill,158,Normal,base_stamina
Unfezant,190,Normal,base_stamina
Blitzle,128,Electric,base_stamina
Zebstrika,181,Electric,base_stamina
Roggenrola,146,Rock,base_stamina
Boldore,172,Rock,base_stamina
Gigalith,198,Rock,base_stamina
Woobat,163,Psychic,base_stamina
Swoobat,167,Psychic,base_stamina
Drilbur,155,Ground,base_stamina
Excadrill,242,Ground,base_stamina
Audino,230,Normal,base_stamina
Timburr,181,Fighting,base_stamina
Gurdurr,198,Fighting,base_stamina
Conkeldurr,233,Fighting,base_stamina
Tympole,137,Water,base_stamina
Palpitoad,181,Water,base_stamina
Seismitoad,233,Water,base_stamina
Throh,260,Fighting,base_stamina
Sawk,181,Fighting,base_stamina
Sewaddle,128,Bug,base_stamina
Swadloon,146,Bug,base_stamina
Leavanny,181,Bug,base_stamina
Venipede,102,Bug,base_stamina
Whirlipede,120,Bug,base_stamina
Scolipede,155,Bug,base_stamina
Cottonee,120,Grass,base_stamina
Whimsicott,155,Grass,base_stamina
Petilil,128,Grass,base_stamina
Lilligant,172,Grass,base_stamina
Basculin,172,Water,base_stamina
Sandile,137,Ground,base_stamina
Krokorok,155,Ground,base_stamina
Krookodile,216,Ground,base_stamina
Darumaka,172,Ice,base_stamina
Darmanitan,233,Ice,base_stamina
Maractus,181,Grass,base_stamina
Dwebble,137,Bug,base_stamina
Crustle,172,Bug,base_stamina
Scraggy,137,Dark,base_stamina
Scrafty,163,Dark,base_stamina
Sigilyph,176,Psychic,base_stamina
Yamask,116,Ground,base_stamina
Cofagrigus,151,Ghost,base_stamina
Tirtouga,144,Water,base_stamina
Carracosta,179,Water,base_stamina
Archen,146,Rock,base_stamina
Archeops,181,Rock,base_stamina
Trubbish,137,Poison,base_stamina
Garbodor,190,Poison,base_stamina
Zorua,120,Dark,base_stamina
Zoroark,155,Dark,base_stamina
Minccino,146,Normal,base_stamina
Cinccino,181,Normal,base_stamina
Gothita,128,Psychic,base_stamina
Gothorita,155,Psychic,base_stamina
Gothitelle,172,Psychic,base_stamina
Solosis,128,Psychic,base_stamina
Duosion,163,Psychic,base_stamina
Reuniclus,242,Psychic,base_stamina
Ducklett,158,Water,base_stamina
Swanna,181,Water,base_stamina
Vanillite,113,Ice,base_stamina
Vanillish,139,Ice,base_stamina
Vanilluxe,174,Ice,base_stamina
Deerling,155,Normal,base_stamina
Sawsbuck,190,Normal,base_stamina
Emolga,146,Electric,base_stamina
Karrablast,137,Bug,base_stamina
Escavalier,172,Bug,base_stamina
Foongus,170,Grass,base_stamina
Amoonguss,249,Grass,base_stamina
Frillish,146,Water,base_stamina
Jellicent,225,Water,base_stamina
Alomomola,338,Water,base_stamina
Joltik,137,Bug,base_stamina
Galvantula,172,Bug,base_stamina
Ferroseed,127,Grass,base_stamina
Ferrothorn,179,Grass,base_stamina
Klink,120,Steel,base_stamina
Klang,155,Steel,base_stamina
Klinklang,155,Steel,base_stamina
Tynamo,111,Electric,base_stamina
Eelektrik,163,Electric,base_stamina
Eelektross,198,Electric,base_stamina
Elgyem,146,Psychic,base_stamina
Beheeyem,181,Psychic,base_stamina
Litwick,137,Ghost,base_stamina
Lampent,155,Ghost,base_stamina
Chandelure,155,Ghost,base_stamina
Axew,130,Dragon,base_stamina
Fraxure,165,Dragon,base_stamina
Haxorus,183,Dragon,base_stamina
Cubchoo,146,Ice,base_stamina
Beartic,216,Ice,base_stamina
Cryogonal,190,Ice,base_stamina
Shelmet,137,Bug,base_stamina
Accelgor,190,Bug,base_stamina
Stunfisk,240,Ground,base_stamina
Mienfoo,128,Fighting,base_stamina
Mienshao,163,Fighting,base_stamina
Druddigon,184,Dragon,base_stamina
Golett,153,Ground,base_stamina
Golurk,205,Ground,base_stamina
Pawniard,128,Dark,base_stamina
Bisharp,163,Dark,base_stamina
Bouffalant,216,Normal,base_stamina
Rufflet,172,Normal,base_stamina
Braviary,242,Psychic,base_stamina
Vullaby,172,Dark,base_stamina
Mandibuzz,242,Dark,base_stamina
Heatmor,198,Fire,base_stamina
Durant,151,Bug,base_stamina
Deino,141,Dark,base_stamina
Zweilous,176,Dark,base_stamina
Hydreigon,211,Dark,base_stamina
Larvesta,146,Bug,base_stamina
Volcarona,198,Bug,base_stamina
Cobalion,209,Steel,base_stamina
Terrakion,209,Rock,base_stamina
Virizion,209,Grass,base_stamina
Tornadus,188,Flying,base_stamina
Thundurus,188,Electric,base_stamina
Reshiram,205,Dragon,base_stamina
Zekrom,205,Dragon,base_stamina
Landorus,205,Ground,base_stamina
Kyurem,245,Dragon,base_stamina
Keldeo,209,Water,base_stamina
Meloetta,225,Normal,base_stamina
Genesect,174,Bug,base_stamina
Chespin,148,Grass,base_stamina
Quilladin,156,Grass,base_stamina
Chesnaught,204,Grass,base_stamina
Fennekin,120,Fire,base_stamina
Braixen,153,Fire,base_stamina
Delphox,181,Fire,base_stamina
Froakie,121,Water,base_stamina
Frogadier,144,Water,base_stamina
Greninja,176,Water,base_stamina
Bunnelby,116,Normal,base_stamina
Diggersby,198,Normal,base_stamina
Fletchling,128,Normal,base_stamina
Fletchinder,158,Fire,base_stamina
Talonflame,186,Fire,base_stamina
Scatterbug,116,Bug,base_stamina
Spewpa,128,Bug,base_stamina
Vivillon,190,Bug,base_stamina
Litleo,158,Fire,base_stamina
Pyroar,200,Fire,base_stamina
Flabebe,127,Fairy,base_stamina
Floette,144,Fairy,base_stamina
Florges,186,Fairy,base_stamina
Skiddo,165,Grass,base_stamina
Gogoat,265,Grass,base_stamina
Pancham,167,Fighting,base_stamina
Pangoro,216,Fighting,base_stamina
Furfrou,181,Normal,base_stamina
Espurr,158,Psychic,base_stamina
Meowstic,179,Psychic,base_stamina
Honedge,128,Steel,base_stamina
Doublade,153,Steel,base_stamina
Aegislash,155,Steel,base_stamina
Spritzee,186,Fairy,base_stamina
Aromatisse,226,Fairy,base_stamina
Swirlix,158,Fairy,base_stamina
Slurpuff,193,Fairy,base_stamina
Inkay,142,Dark,base_stamina
Malamar,200,Dark,base_stamina
Binacle,123,Rock,base_stamina
Barbaracle,176,Rock,base_stamina
Skrelp,137,Poison,base_stamina
Dragalge,163,Poison,base_stamina
Clauncher,137,Water,base_stamina
Clawitzer,174,Water,base_stamina
Helioptile,127,Electric,base_stamina
Heliolisk,158,Electric,base_stamina
Tyrunt,151,Rock,base_stamina
Tyrantrum,193,Rock,base_stamina
Amaura,184,Rock,base_stamina
Aurorus,265,Rock,base_stamina
Sylveon,216,Fairy,base_stamina
Hawlucha,186,Fighting,base_stamina
Dedenne,167,Electric,base_stamina
Carbink,137,Rock,base_stamina
Goomy,128,Dragon,base_stamina
Sliggoo,169,Dragon,base_stamina
Goodra,207,Dragon,base_stamina
Klefki,149,Steel,base_stamina
Phantump,125,Ghost,base_stamina
Trevenant,198,Ghost,base_stamina
Pumpkaboo,135,Ghost,base_stamina
Gourgeist,163,Ghost,base_stamina
Bergmite,146,Ice,base_stamina
Avalugg,216,Ice,base_stamina
Noibat,120,Flying,base_stamina
Noivern,198,Flying,base_stamina
Xerneas,246,Fairy,base_stamina
Yveltal,246,Dark,base_stamina
Zygarde,389,Dragon,base_stamina
Diancie,137,Rock,base_stamina
Hoopa,173,Psychic,base_stamina
Volcanion,190,Fire,base_stamina
Rowlet,169,Grass,base_stamina
Dartrix,186,Grass,base_stamina
Decidueye,204,Grass,base_stamina
Litten,128,Fire,base_stamina
Torracat,163,Fire,base_stamina
Incineroar,216,Fire,base_stamina
Popplio,137,Water,base_stamina
Brionne,155,Water,base_stamina
Primarina,190,Water,base_stamina
Pikipek,111,Normal,base_stamina
Trumbeak,146,Normal,base_stamina
Toucannon,190,Normal,base_stamina
Yungoos,134,Normal,base_stamina
Gumshoos,204,Normal,base_stamina
Grubbin,132,Bug,base_stamina
Charjabug,149,Bug,base_stamina
Vikavolt,184,Bug,base_stamina
Crabrawler,132,Fighting,base_stamina
Crabominable,219,Fighting,base_stamina
Oricorio,181,Fire,base_stamina
Cutiefly,120,Bug,base_stamina
Ribombee,155,Bug,base_stamina
Rockruff,128,Rock,base_stamina
Lycanroc,181,Rock,base_stamina
Wishiwashi,128,Water,base_stamina
Mareanie,137,Poison,base_stamina
Toxapex,137,Poison,base_stamina
Mudbray,172,Ground,base_stamina
Mudsdale,225,Ground,base_stamina
Dewpider,116,Water,base_stamina
Araquanid,169,Water,base_stamina
Fomantis,120,Grass,base_stamina
Lurantis,172,Grass,base_stamina
Morelull,120,Grass,base_stamina
Shiinotic,155,Grass,base_stamina
Salandit,134,Poison,base_stamina
Salazzle,169,Poison,base_stamina
Stufful,172,Normal,base_stamina
Bewear,260,Normal,base_stamina
Bounsweet,123,Grass,base_stamina
Steenee,141,Grass,base_stamina
Tsareena,176,Grass,base_stamina
Comfey,139,Fairy,base_stamina
Oranguru,207,Normal,base_stamina
Passimian,225,Fighting,base_stamina
Wimpod,93,Bug,base_stamina
Golisopod,181,Bug,base_stamina
Sandygast,146,Ghost,base_stamina
Palossand,198,Ghost,base_stamina
Pyukumuku,146,Water,base_stamina
Type: Null,216,Normal,base_stamina
Silvally,216,Bug,base_stamina
Minior,155,Rock,base_stamina
Komala,163,Normal,base_stamina
Turtonator,155,Fire,base_stamina
Togedemaru,163,Electric,base_stamina
Mimikyu,146,Ghost,base_stamina
Bruxish,169,Water,base_stamina
Drampa,186,Normal,base_stamina
Dhelmise,172,Ghost,base_stamina
Jangmo-o,128,Dragon,base_stamina
Hakamo-o,146,Dragon,base_stamina
Kommo-o,181,Dragon,base_stamina
Tapu Koko,172,Electric,base_stamina
Tapu Lele,172,Psychic,base_stamina
Tapu Bulu,172,Grass,base_stamina
Tapu Fini,172,Water,base_stamina
Cosmog,125,Psychic,base_stamina
Cosmoem,125,Psychic,base_stamina
Solgaleo,264,Psychic,base_stamina
Lunala,264,Psychic,base_stamina
Nihilego,240,Rock,base_stamina
Buzzwole,216,Bug,base_stamina
Pheromosa,174,Bug,base_stamina
Xurkitree,195,Electric,base_stamina
Celesteela,219,Steel,base_stamina
Kartana,139,Grass,base_stamina
Guzzlord,440,Dark,base_stamina
Necrozma,200,Psychic,base_stamina
Magearna,190,Steel,base_stamina
Marshadow,207,Fighting,base_stamina
Poipole,167,Poison,base_stamina
Naganadel,177,Poison,base_stamina
Stakataka,156,Rock,base_stamina
Blacephalon,142,Fire,base_stamina
Zeraora,204,Electric,base_stamina
Meltan,130,Steel,base_stamina
Melmetal,264,Steel,base_stamina
Grookey,137,Grass,base_stamina
Thwackey,172,Grass,base_stamina
Rillaboom,225,Grass,base_stamina
Scorbunny,137,Fire,base_stamina
Raboot,163,Fire,base_stamina
Cinderace,190,Fire,base_stamina
Sobble,137,Water,base_stamina
Drizzile,163,Water,base_stamina
Inteleon,172,Water,base_stamina
Skwovet,172,Normal,base_stamina
Greedent,260,Normal,base_stamina
Rookidee,116,Flying,base_stamina
Corvisquire,169,Flying,base_stamina
Corviknight,221,Flying,base_stamina
Blipbug,93,Bug,base_stamina
Dottler,137,Bug,base_stamina
Orbeetle,155,Bug,base_stamina
Nickit,120,Dark,base_stamina
Thievul,172,Dark,base_stamina
Gossifleur,120,Grass,base_stamina
Eldegoss,155,Grass,base_stamina
Wooloo,123,Normal,base_stamina
Dubwool,176,Normal,base_stamina
Chewtle,137,Water,base_stamina
Drednaw,207,Water,base_stamina
Yamper,153,Electric,base_stamina
Boltund,170,Electric,base_stamina
Rolycoly,102,Rock,base_stamina
Carkol,190,Rock,base_stamina
Coalossal,242,Rock,base_stamina
Applin,120,Grass,base_stamina
Flapple,172,Grass,base_stamina
Appletun,242,Grass,base_stamina
Silicobra,141,Ground,base_stamina
Sandaconda,176,Ground,base_stamina
Cramorant,172,Flying,base_stamina
Arrokuda,121,Water,base_stamina
Barraskewda,156,Water,base_stamina
Toxel,120,Electric,base_stamina
Toxtricity,181,Electric,base_stamina
Sizzlipede,137,Fire,base_stamina
Centiskorch,225,Fire,base_stamina
Clobbopus,137,Fighting,base_stamina
Grapploct,190,Fighting,base_stamina
Sinistea,120,Ghost,base_stamina
Polteageist,155,Ghost,base_stamina
Hatenna,123,Psychic,base_stamina
Hattrem,149,Psychic,base_stamina
Hatterene,149,Psychic,base_stamina
Impidimp,128,Dark,base_stamina
Morgrem,163,Dark,base_stamina
Grimmsnarl,216,Dark,base_stamina
Obstagoon,212,Dark,base_stamina
Perrserker,172,Steel,base_stamina
Cursola,155,Ghost,base_stamina
Sirfetchâ€™d,158,Fighting,base_stamina
Mr. Rime,190,Ice,base_stamina
Runerigus,151,Ground,base_stamina
Milcery,128,Fairy,base_stamina
Alcremie,163,Fairy,base_stamina
Falinks,163,Fighting,base_stamina
Pincurchin,134,Electric,base_stamina
Snom,102,Ice,base_stamina
Frosmoth,172,Ice,base_stamina
Stonjourner,225,Rock,base_stamina
Eiscue,181,Ice,base_stamina
Indeedee,172,Psychic,base_stamina
Morpeko,151,Electric,base_stamina
Cufant,176,Steel,base_stamina
Copperajah,263,Steel,base_stamina
Dracozolt,207,Electric,base_stamina
Arctozolt,207,Electric,base_stamina
Dracovish,207,Water,base_stamina
Arctovish,207,Water,base_stamina
Duraludon,172,Steel,base_stamina
Dreepy,99,Dragon,base_stamina
Drakloak,169,Dragon,base_stamina
Dragapult,204,Dragon,base_stamina
Zacian,192,Fairy,base_stamina
Zamazenta,192,Fighting,base_stamina
Eternatus,452,Poison,base_stamina
Kubfu,155,Fighting,base_stamina
Urshifu,225,Fighting,base_stamina
Zarude,233,Dark,base_stamina
Regieleki,190,Electric,base_stamina
Regidrago,400,Dragon,base_stamina
Glastrier,225,Ice,base_stamina
Spectrier,205,Ghost,base_stamina
Calyrex,205,Psychic,base_stamina
Wyrdeer,230,Normal,base_stamina
Kleavor,172,Bug,base_stamina
Ursaluna,277,Ground,base_stamina
Sneasler,190,Fighting,base_stamina
Overqwil,198,Dark,base_stamina
Enamorus,179,Fairy,base_stamina
Sprigatito,120,Grass,base_stamina
Floragato,156,Grass,base_stamina
Meowscarada,183,Grass,base_stamina
Fuecoco,167,Fire,base_stamina
Crocalor,191,Fire,base_stamina
Skeledirge,232,Fire,base_stamina
Quaxly,146,Water,base_stamina
Quaxwell,172,Water,base_stamina
Quaquaval,198,Water,base_stamina
Lechonk,144,Normal,base_stamina
Oinkologne,251,Normal,base_stamina
Tarountula,111,Bug,base_stamina
Spidops,155,Bug,base_stamina
Nymble,107,Bug,base_stamina
Lokix,174,Bug,base_stamina
Pawmi,128,Electric,base_stamina
Pawmo,155,Electric,base_stamina
Pawmot,172,Electric,base_stamina
Tandemaus,137,Normal,base_stamina
Maushold,179,Normal,base_stamina
Fidough,114,Fairy,base_stamina
Dachsbun,149,Fairy,base_stamina
Smoliv,121,Grass,base_stamina
Dolliv,141,Grass,base_stamina
Arboliva,186,Grass,base_stamina
Squawkabilly,193,Normal,base_stamina
Nacli,146,Rock,base_stamina
Naclstack,155,Rock,base_stamina
Garganacl,225,Rock,base_stamina
Charcadet,120,Fire,base_stamina
Armarouge,198,Fire,base_stamina
Ceruledge,181,Fire,base_stamina
Tadbulb,156,Electric,base_stamina
Bellibolt,240,Electric,base_stamina
Wattrel,120,Electric,base_stamina
Kilowattrel,172,Electric,base_stamina
Maschiff,155,Dark,base_stamina
Mabosstiff,190,Dark,base_stamina
Shroodle,120,Poison,base_stamina
Grafaiai,160,Poison,base_stamina
Bramblin,120,Grass,base_stamina
Brambleghast,146,Grass,base_stamina
Toedscool,120,Ground,base_stamina
Toedscruel,190,Ground,base_stamina
Klawf,172,Rock,base_stamina
Capsakid,137,Grass,base_stamina
Scovillain,163,Grass,base_stamina
Rellor,121,Bug,base_stamina
Rabsca,181,Bug,base_stamina
Flittle,102,Psychic,base_stamina
Espathra,216,Psychic,base_stamina
Tinkatink,137,Fairy,base_stamina
Tinkatuff,163,Fairy,base_stamina
Tinkaton,198,Fairy,base_stamina
Wiglett,67,Water,base_stamina
Wugtrio,111,Water,base_stamina
Bombirdier,172,Flying,base_stamina
Finizen,172,Water,base_stamina
Palafin,225,Water,base_stamina
Varoom,128,Steel,base_stamina
Revavroom,190,Steel,base_stamina
Cyclizar,172,Dragon,base_stamina
Orthworm,172,Steel,base_stamina
Glimmet,134,Rock,base_stamina
Glimmora,195,Rock,base_stamina
Greavard,137,Ghost,base_stamina
Houndstone,176,Ghost,base_stamina
Flamigo,193,Flying,base_stamina
Cetoddle,239,Ice,base_stamina
Cetitan,347,Ice,base_stamina
Veluza,207,Water,base_stamina
Dondozo,312,Water,base_stamina
Tatsugiri,169,Dragon,base_stamina
Annihilape,242,Fighting,base_stamina
Clodsire,277,Poison,base_stamina
Farigiraf,260,Normal,base_stamina
Dudunsparce,268,Normal,base_stamina
Kingambit,225,Dark,base_stamina
Great Tusk,251,Ground,base_stamina
Scream Tail,251,Fairy,base_stamina
Brute Bonnet,244,Grass,base_stamina
Flutter Mane,146,Ghost,base_stamina
Slither Wing,198,Bug,base_stamina
Sandy Shocks,198,Electric,base_stamina
Iron Treads,207,Ground,base_stamina
Iron Bundle,148,Ice,base_stamina
Iron Hands,319,Fighting,base_stamina
Iron Jugulis,214,Dark,base_stamina
Iron Moth,190,Fire,base_stamina
Iron Thorns,225,Rock,base_stamina
Frigibax,163,Dragon,base_stamina
Arctibax,207,Dragon,base_stamina
Baxcalibur,229,Dragon,base_stamina
Gimmighoul,128,Ghost,base_stamina
Gholdengo,202,Steel,base_stamina
Wo-Chien,198,Dark,base_stamina
Chien-Pao,190,Dark,base_stamina
Ting-Lu,321,Dark,base_stamina
Chi-Yu,146,Dark,base_stamina
Roaring Moon,233,Dragon,base_stamina
Iron Valiant,179,Fairy,base_stamina
Koraidon,205,Fighting,base_stamina
Miraidon,205,Electric,base_stamina
